https://github.com/apache/hadoop,hadoop,cc2babc1f75c93bf89a8f10da525f944c15d02ea,hadoop-yarn-project/hadoop-yarn/hadoop-yarn-server/hadoop-yarn-server-timelineservice,org.apache.hadoop.yarn.server.timelineservice.reader.TestTimelineReaderMetrics.testTimelineReaderMetrics,org.apache.hadoop.yarn.server.timelineservice.reader.TestTimelineReaderWebServices.testQueryWithoutCluster,OD,,,,od_cl_projects/cc2babc1f75c93bf89a8f10da525f944c15d02ea/hadoop/hadoop-yarn-project/hadoop-yarn/hadoop-yarn-server/hadoop-yarn-server-timelineservice/src/test/java/org/apache/hadoop/yarn/server/timelineservice/reader/TestTimelineReaderMetrics.java,od_cl_projects/cc2babc1f75c93bf89a8f10da525f944c15d02ea/hadoop/hadoop-yarn-project/hadoop-yarn/hadoop-yarn-server/hadoop-yarn-server-timelineservice/src/test/java/org/apache/hadoop/yarn/server/timelineservice/reader/TestTimelineReaderWebServices.java,True,,"['0:test failures', '1:COMPILATION ERROR', '2:COMPILATION ERROR', '3:COMPILATION ERROR', '4:COMPILATION ERROR', '5:COMPILATION ERROR', 'summary:compilation_error']"
https://github.com/apache/hadoop,hadoop,cc2babc1f75c93bf89a8f10da525f944c15d02ea,hadoop-yarn-project/hadoop-yarn/hadoop-yarn-server/hadoop-yarn-server-timelineservice,org.apache.hadoop.yarn.server.timelineservice.reader.TestTimelineReaderMetrics.testTimelineReaderMetrics,org.apache.hadoop.yarn.server.timelineservice.reader.TestTimelineReaderWebServicesBasicAcl.testTimelineReaderManagerAclsWhenDisabled,OD,,,,od_cl_projects/cc2babc1f75c93bf89a8f10da525f944c15d02ea/hadoop/hadoop-yarn-project/hadoop-yarn/hadoop-yarn-server/hadoop-yarn-server-timelineservice/src/test/java/org/apache/hadoop/yarn/server/timelineservice/reader/TestTimelineReaderMetrics.java,od_cl_projects/cc2babc1f75c93bf89a8f10da525f944c15d02ea/hadoop/hadoop-yarn-project/hadoop-yarn/hadoop-yarn-server/hadoop-yarn-server-timelineservice/src/test/java/org/apache/hadoop/yarn/server/timelineservice/reader/TestTimelineReaderWebServicesBasicAcl.java,True,,"['0:test failures', '1:test failures', '2:test failures', '3:test failures', '4:test failures', '5:test failures', 'summary:test_failures']"
https://github.com/apache/hadoop,hadoop,cc2babc1f75c93bf89a8f10da525f944c15d02ea,hadoop-yarn-project/hadoop-yarn/hadoop-yarn-server/hadoop-yarn-server-timelineservice,org.apache.hadoop.yarn.server.timelineservice.reader.TestTimelineReaderMetrics.testTimelineReaderMetrics,org.apache.hadoop.yarn.server.timelineservice.reader.TestTimelineReaderWebServicesBasicAcl.testTimelineReaderManagerAclsWhenEnabled,OD,,,,od_cl_projects/cc2babc1f75c93bf89a8f10da525f944c15d02ea/hadoop/hadoop-yarn-project/hadoop-yarn/hadoop-yarn-server/hadoop-yarn-server-timelineservice/src/test/java/org/apache/hadoop/yarn/server/timelineservice/reader/TestTimelineReaderMetrics.java,od_cl_projects/cc2babc1f75c93bf89a8f10da525f944c15d02ea/hadoop/hadoop-yarn-project/hadoop-yarn/hadoop-yarn-server/hadoop-yarn-server-timelineservice/src/test/java/org/apache/hadoop/yarn/server/timelineservice/reader/TestTimelineReaderWebServicesBasicAcl.java,True,,"['0:test failures', '1:test failures', '2:test failures', '3:test failures', '4:COMPILATION ERROR', '5:COMPILATION ERROR', 'summary:test_failures']"
https://github.com/apache/dubbo,dubbo,737f7a7ea67832d7f17517326fb2491d0a086dd7,dubbo-config/dubbo-config-spring,org.apache.dubbo.config.spring.beans.factory.annotation.ReferenceAnnotationBeanPostProcessorTest.test,org.apache.dubbo.config.spring.extension.SpringExtensionFactoryTest.testGetExtensionByType,OD-Vic,,,,od_cl_projects/737f7a7ea67832d7f17517326fb2491d0a086dd7/dubbo/dubbo-config/dubbo-config-spring/src/test/java/org/apache/dubbo/config/spring/beans/factory/annotation/ReferenceAnnotationBeanPostProcessorTest.java,od_cl_projects/737f7a7ea67832d7f17517326fb2491d0a086dd7/dubbo/dubbo-config/dubbo-config-spring/src/test/java/org/apache/dubbo/config/spring/extension/SpringExtensionFactoryTest.java,True,,"['0:test failures', '1:test failures', '2:test failures', '3:COMPILATION ERROR', '4:test failures', '5:test failures', 'summary:test_failures']"
https://github.com/apache/dubbo,dubbo,737f7a7ea67832d7f17517326fb2491d0a086dd7,dubbo-rpc/dubbo-rpc-dubbo,org.apache.dubbo.rpc.protocol.dubbo.ReferenceCountExchangeClientTest.test_share_connect,org.apache.dubbo.rpc.protocol.dubbo.telnet.ChangeTelnetHandlerTest.testChangeServiceNotExport,OD-Vic,Accepted,https://github.com/apache/dubbo/pull/2755,,od_cl_projects/737f7a7ea67832d7f17517326fb2491d0a086dd7/dubbo/dubbo-rpc/dubbo-rpc-dubbo/src/test/java/org/apache/dubbo/rpc/protocol/dubbo/ReferenceCountExchangeClientTest.java,od_cl_projects/737f7a7ea67832d7f17517326fb2491d0a086dd7/dubbo/dubbo-rpc/dubbo-rpc-dubbo/src/test/java/org/apache/dubbo/rpc/protocol/dubbo/telnet/ChangeTelnetHandlerTest.java,True,,"['0:test failures', '1:test failures', '2:test failures', '3:test failures', '4:test failures', '5:test failures', 'summary:test_failures']"
https://github.com/apache/shardingsphere-elasticjob,shardingsphere-elasticjob,b022898ef1b8c984e17efb2a422ee45f6b13e46e,elastic-job-lite-core,io.elasticjob.lite.internal.instance.ShutdownListenerManagerTest.assertRemoveLocalInstancePathForReconnectedRegistryCenter,io.elasticjob.lite.internal.election.ElectionListenerManagerTest.assertLeaderElectionWhenRemoveLeaderInstancePathWithAvailableServerButJobInstanceIsShutdown,OD-Vic,,,,od_cl_projects/b022898ef1b8c984e17efb2a422ee45f6b13e46e/shardingsphere-elasticjob/elastic-job-lite-core/src/test/java/io/elasticjob/lite/internal/instance/ShutdownListenerManagerTest.java,od_cl_projects/b022898ef1b8c984e17efb2a422ee45f6b13e46e/shardingsphere-elasticjob/elastic-job-lite-core/src/test/java/io/elasticjob/lite/internal/election/ElectionListenerManagerTest.java,True,,"['0:test failures', '1:COMPILATION ERROR', '2:COMPILATION ERROR', '3:COMPILATION ERROR', '4:COMPILATION ERROR', '5:COMPILATION ERROR', 'summary:compilation_error']"
https://github.com/apache/shardingsphere-elasticjob,shardingsphere-elasticjob,b022898ef1b8c984e17efb2a422ee45f6b13e46e,elastic-job-lite-core,io.elasticjob.lite.api.JobSchedulerTest.assertInit,io.elasticjob.lite.internal.sharding.ShardingListenerManagerTest.assertListenServersChangedJobListenerWhenIsInstanceChangeButJobInstanceIsShutdown,OD,Accepted,https://github.com/apache/shardingsphere-elasticjob/pull/592,,od_cl_projects/b022898ef1b8c984e17efb2a422ee45f6b13e46e/shardingsphere-elasticjob/elastic-job-lite-core/src/test/java/io/elasticjob/lite/api/JobSchedulerTest.java,od_cl_projects/b022898ef1b8c984e17efb2a422ee45f6b13e46e/shardingsphere-elasticjob/elastic-job-lite-core/src/test/java/io/elasticjob/lite/internal/sharding/ShardingListenerManagerTest.java,True,,"['0:test failures', '1:COMPILATION ERROR', '2:COMPILATION ERROR', '3:COMPILATION ERROR', '4:COMPILATION ERROR', '5:COMPILATION ERROR', 'summary:compilation_error']"
https://github.com/jenkinsci/remoting,remoting,abf0455a68ad6c52a57e912bb89d51f883f77542,.,hudson.remoting.DefaultClassFilterTest.testDefaultsAreUsedIfOverridesAreGarbage,hudson.remoting.DiagnosedStreamCorruptionExceptionTest.exercise,OD,,,https://github.com/TestingResearchIllinois/flaky-test-dataset/issues/82,od_cl_projects/abf0455a68ad6c52a57e912bb89d51f883f77542/remoting/src/test/java/hudson/remoting/DefaultClassFilterTest.java,od_cl_projects/abf0455a68ad6c52a57e912bb89d51f883f77542/remoting/src/test/java/hudson/remoting/DiagnosedStreamCorruptionExceptionTest.java,True,,"['0:test failures', '1:test failures', '2:test failures', '3:test failures', '4:test failures', '5:test failures', 'summary:test_failures']"
https://github.com/ktuukkan/marine-api,marine-api,af0003847db9ba822f67d4f1dceb8de3fe63250a,.,net.sf.marineapi.nmea.parser.SentenceFactoryTest.testRegisterParserWithAlternativeBeginChar,net.sf.marineapi.ais.event.AbstractAISMessageListenerTest.testBasicListenerWithUnexpectedMessage,OD-Vic,,,,od_cl_projects/af0003847db9ba822f67d4f1dceb8de3fe63250a/marine-api/src/test/java/net/sf/marineapi/nmea/parser/SentenceFactoryTest.java,od_cl_projects/af0003847db9ba822f67d4f1dceb8de3fe63250a/marine-api/src/test/java/net/sf/marineapi/ais/event/AbstractAISMessageListenerTest.java,True,,"['0:test failures', '1:test failures', '2:test failures', '3:test failures', '4:test failures', '5:test failures', 'summary:test_failures']"
https://github.com/ktuukkan/marine-api,marine-api,af0003847db9ba822f67d4f1dceb8de3fe63250a,.,net.sf.marineapi.nmea.parser.SentenceFactoryTest.testRegisterParserWithAlternativeBeginChar,net.sf.marineapi.ais.event.AbstractAISMessageListenerTest.testConstructor,OD-Vic,,,,od_cl_projects/af0003847db9ba822f67d4f1dceb8de3fe63250a/marine-api/src/test/java/net/sf/marineapi/nmea/parser/SentenceFactoryTest.java,od_cl_projects/af0003847db9ba822f67d4f1dceb8de3fe63250a/marine-api/src/test/java/net/sf/marineapi/ais/event/AbstractAISMessageListenerTest.java,True,/home/azureuser/flaky/OD80/8cd3b6a48c2bd4da962081e53ec984398ce56eb5/goodPatches/marine-api/af0003847db9ba822f67d4f1dceb8de3fe63250a/./net.sf.marineapi.ais.event.AbstractAISMessageListenerTest.testConstructor/1.patch,"['0:test failures', '1:test pass', 'summary:good fix']"
https://github.com/ktuukkan/marine-api,marine-api,af0003847db9ba822f67d4f1dceb8de3fe63250a,.,net.sf.marineapi.nmea.parser.SentenceFactoryTest.testRegisterParserWithAlternativeBeginChar,net.sf.marineapi.ais.event.AbstractAISMessageListenerTest.testGenericsListener,OD-Vic,,,,od_cl_projects/af0003847db9ba822f67d4f1dceb8de3fe63250a/marine-api/src/test/java/net/sf/marineapi/nmea/parser/SentenceFactoryTest.java,od_cl_projects/af0003847db9ba822f67d4f1dceb8de3fe63250a/marine-api/src/test/java/net/sf/marineapi/ais/event/AbstractAISMessageListenerTest.java,True,,"['0:test failures', '1:test failures', '2:test failures', '3:test failures', '4:test failures', '5:test failures', 'summary:test_failures']"
https://github.com/ktuukkan/marine-api,marine-api,af0003847db9ba822f67d4f1dceb8de3fe63250a,.,net.sf.marineapi.nmea.parser.SentenceFactoryTest.testRegisterParserWithAlternativeBeginChar,net.sf.marineapi.ais.event.AbstractAISMessageListenerTest.testGenericsListenerDefaultConstructorThrows,OD-Vic,,,,od_cl_projects/af0003847db9ba822f67d4f1dceb8de3fe63250a/marine-api/src/test/java/net/sf/marineapi/nmea/parser/SentenceFactoryTest.java,od_cl_projects/af0003847db9ba822f67d4f1dceb8de3fe63250a/marine-api/src/test/java/net/sf/marineapi/ais/event/AbstractAISMessageListenerTest.java,True,,"['0:test failures', '1:test failures', '2:COMPILATION ERROR', '3:COMPILATION ERROR', '4:COMPILATION ERROR', '5:COMPILATION ERROR', 'summary:test_failures']"
https://github.com/ktuukkan/marine-api,marine-api,af0003847db9ba822f67d4f1dceb8de3fe63250a,.,net.sf.marineapi.nmea.parser.SentenceFactoryTest.testRegisterParserWithAlternativeBeginChar,net.sf.marineapi.ais.event.AbstractAISMessageListenerTest.testParametrizedConstructor,OD-Vic,,,,od_cl_projects/af0003847db9ba822f67d4f1dceb8de3fe63250a/marine-api/src/test/java/net/sf/marineapi/nmea/parser/SentenceFactoryTest.java,od_cl_projects/af0003847db9ba822f67d4f1dceb8de3fe63250a/marine-api/src/test/java/net/sf/marineapi/ais/event/AbstractAISMessageListenerTest.java,True,/home/azureuser/flaky/OD80/8cd3b6a48c2bd4da962081e53ec984398ce56eb5/goodPatches/marine-api/af0003847db9ba822f67d4f1dceb8de3fe63250a/./net.sf.marineapi.ais.event.AbstractAISMessageListenerTest.testParametrizedConstructor/2.patch,"['0:test failures', '1:COMPILATION ERROR', '2:test pass', 'summary:good fix']"
https://github.com/ktuukkan/marine-api,marine-api,af0003847db9ba822f67d4f1dceb8de3fe63250a,.,net.sf.marineapi.nmea.parser.SentenceFactoryTest.testRegisterParserWithAlternativeBeginChar,net.sf.marineapi.ais.event.AbstractAISMessageListenerTest.testSequenceListener,OD-Vic,,,,od_cl_projects/af0003847db9ba822f67d4f1dceb8de3fe63250a/marine-api/src/test/java/net/sf/marineapi/nmea/parser/SentenceFactoryTest.java,od_cl_projects/af0003847db9ba822f67d4f1dceb8de3fe63250a/marine-api/src/test/java/net/sf/marineapi/ais/event/AbstractAISMessageListenerTest.java,True,/home/azureuser/flaky/OD80/8cd3b6a48c2bd4da962081e53ec984398ce56eb5/goodPatches/marine-api/af0003847db9ba822f67d4f1dceb8de3fe63250a/./net.sf.marineapi.ais.event.AbstractAISMessageListenerTest.testSequenceListener/5.patch,"['0:test failures', '1:COMPILATION ERROR', '2:COMPILATION ERROR', '3:COMPILATION ERROR', '4:COMPILATION ERROR', '5:test pass', 'summary:good fix']"
https://github.com/ktuukkan/marine-api,marine-api,af0003847db9ba822f67d4f1dceb8de3fe63250a,.,net.sf.marineapi.nmea.parser.SentenceFactoryTest.testRegisterParserWithAlternativeBeginChar,net.sf.marineapi.ais.event.AbstractAISMessageListenerTest.testSequenceListenerWithMixedOrder,OD-Vic,,,,od_cl_projects/af0003847db9ba822f67d4f1dceb8de3fe63250a/marine-api/src/test/java/net/sf/marineapi/nmea/parser/SentenceFactoryTest.java,od_cl_projects/af0003847db9ba822f67d4f1dceb8de3fe63250a/marine-api/src/test/java/net/sf/marineapi/ais/event/AbstractAISMessageListenerTest.java,True,,"['0:test failures', '1:COMPILATION ERROR', '2:test failures', '3:test failures', '4:test failures', '5:test failures', 'summary:test_failures']"
https://github.com/ktuukkan/marine-api,marine-api,af0003847db9ba822f67d4f1dceb8de3fe63250a,.,net.sf.marineapi.nmea.parser.SentenceFactoryTest.testRegisterParserWithAlternativeBeginChar,net.sf.marineapi.ais.parser.AISMessageFactoryTest.testCreate,OD-Vic,,,,od_cl_projects/af0003847db9ba822f67d4f1dceb8de3fe63250a/marine-api/src/test/java/net/sf/marineapi/nmea/parser/SentenceFactoryTest.java,od_cl_projects/af0003847db9ba822f67d4f1dceb8de3fe63250a/marine-api/src/test/java/net/sf/marineapi/ais/parser/AISMessageFactoryTest.java,True,,"['0:test failures', '1:test failures', '2:COMPILATION ERROR', '3:COMPILATION ERROR', '4:COMPILATION ERROR', '5:COMPILATION ERROR', 'summary:test_failures']"
https://github.com/ktuukkan/marine-api,marine-api,af0003847db9ba822f67d4f1dceb8de3fe63250a,.,net.sf.marineapi.nmea.parser.SentenceFactoryTest.testRegisterParserWithAlternativeBeginChar,net.sf.marineapi.ais.parser.AISMessageFactoryTest.testCreateWithIncorrectOrder,OD-Vic,,,,od_cl_projects/af0003847db9ba822f67d4f1dceb8de3fe63250a/marine-api/src/test/java/net/sf/marineapi/nmea/parser/SentenceFactoryTest.java,od_cl_projects/af0003847db9ba822f67d4f1dceb8de3fe63250a/marine-api/src/test/java/net/sf/marineapi/ais/parser/AISMessageFactoryTest.java,True,/home/azureuser/flaky/OD80/8cd3b6a48c2bd4da962081e53ec984398ce56eb5/goodPatches/marine-api/af0003847db9ba822f67d4f1dceb8de3fe63250a/./net.sf.marineapi.ais.parser.AISMessageFactoryTest.testCreateWithIncorrectOrder/4.patch,"['0:test failures', '1:COMPILATION ERROR', '2:COMPILATION ERROR', '3:COMPILATION ERROR', '4:test pass', 'summary:good fix']"
https://github.com/ktuukkan/marine-api,marine-api,af0003847db9ba822f67d4f1dceb8de3fe63250a,.,net.sf.marineapi.nmea.parser.SentenceFactoryTest.testRegisterParserWithAlternativeBeginChar,net.sf.marineapi.ais.parser.AISMessageFactoryTest.testCreateWithTwo,OD-Vic,Accepted,https://github.com/ktuukkan/marine-api/pull/109,,od_cl_projects/af0003847db9ba822f67d4f1dceb8de3fe63250a/marine-api/src/test/java/net/sf/marineapi/nmea/parser/SentenceFactoryTest.java,od_cl_projects/af0003847db9ba822f67d4f1dceb8de3fe63250a/marine-api/src/test/java/net/sf/marineapi/ais/parser/AISMessageFactoryTest.java,True,,"['0:test failures', '1:test failures', '2:test failures', '3:test failures', '4:test failures', '5:test failures', 'summary:test_failures']"
https://github.com/spring-projects/spring-boot,spring-boot,daa3d457b71896a758995c264977bdd1414ee4d4,spring-boot-project/spring-boot,org.springframework.boot.context.logging.LoggingApplicationListenerTests.closingContextCleansUpLoggingSystem,org.springframework.boot.logging.log4j2.Log4J2LoggingSystemTests.loggingThatUsesJulIsCaptured,OD-Vic,,,,od_cl_projects/daa3d457b71896a758995c264977bdd1414ee4d4/spring-boot/spring-boot-project/spring-boot/src/test/java/org/springframework/boot/context/logging/LoggingApplicationListenerTests.java,od_cl_projects/daa3d457b71896a758995c264977bdd1414ee4d4/spring-boot/spring-boot-project/spring-boot/src/test/java/org/springframework/boot/logging/log4j2/Log4J2LoggingSystemTests.java,True,,"['0:test failures', '1:BUILD FAILURE', '2:test failures', '3:BUILD FAILURE', '4:test failures', '5:BUILD FAILURE', 'summary:test_failures']"
https://github.com/spring-projects/spring-boot,spring-boot,daa3d457b71896a758995c264977bdd1414ee4d4,spring-boot-project/spring-boot,org.springframework.boot.context.logging.LoggingApplicationListenerTests.closingContextCleansUpLoggingSystem,org.springframework.boot.logging.logback.LogbackLoggingSystemTests.loggingLevelIsPropagatedToJul,OD-Vic,,,,od_cl_projects/daa3d457b71896a758995c264977bdd1414ee4d4/spring-boot/spring-boot-project/spring-boot/src/test/java/org/springframework/boot/context/logging/LoggingApplicationListenerTests.java,od_cl_projects/daa3d457b71896a758995c264977bdd1414ee4d4/spring-boot/spring-boot-project/spring-boot/src/test/java/org/springframework/boot/logging/logback/LogbackLoggingSystemTests.java,True,,"['0:test failures', '1:BUILD FAILURE', '2:test failures', '3:BUILD FAILURE', '4:test failures', '5:BUILD FAILURE', 'summary:test_failures']"
https://github.com/spring-projects/spring-boot,spring-boot,daa3d457b71896a758995c264977bdd1414ee4d4,spring-boot-project/spring-boot,org.springframework.boot.context.logging.LoggingApplicationListenerTests.closingContextCleansUpLoggingSystem,org.springframework.boot.logging.logback.LogbackLoggingSystemTests.loggingThatUsesJulIsCaptured,OD-Vic,,,,od_cl_projects/daa3d457b71896a758995c264977bdd1414ee4d4/spring-boot/spring-boot-project/spring-boot/src/test/java/org/springframework/boot/context/logging/LoggingApplicationListenerTests.java,od_cl_projects/daa3d457b71896a758995c264977bdd1414ee4d4/spring-boot/spring-boot-project/spring-boot/src/test/java/org/springframework/boot/logging/logback/LogbackLoggingSystemTests.java,True,,"['0:test failures', '1:BUILD FAILURE', '2:BUILD FAILURE', '3:BUILD FAILURE', '4:test failures', '5:BUILD FAILURE', 'summary:test_failures']"
https://github.com/Thomas-S-B/visualee,visualee,88732d9dbe5031dad9c9f85a4c4b35e5f1551f95,.,de.strullerbaumann.visualee.filter.entity.SourcecodeFilterTest.testIsOkIncludeTrue,de.strullerbaumann.visualee.dependency.boundary.DependencyContainerTest.testFindAllDependenciesWith,OD,Opened,https://github.com/Thomas-S-B/visualee/pull/8,https://github.com/TestingResearchIllinois/flaky-test-dataset/issues/100,od_cl_projects/88732d9dbe5031dad9c9f85a4c4b35e5f1551f95/visualee/src/test/java/de/strullerbaumann/visualee/filter/entity/SourcecodeFilterTest.java,od_cl_projects/88732d9dbe5031dad9c9f85a4c4b35e5f1551f95/visualee/src/test/java/de/strullerbaumann/visualee/dependency/boundary/DependencyContainerTest.java,True,,"['0:test failures', '1:test failures', '2:test failures', '3:test failures', '4:COMPILATION ERROR', '5:test failures', 'summary:test_failures']"
https://github.com/Thomas-S-B/visualee,visualee,88732d9dbe5031dad9c9f85a4c4b35e5f1551f95,.,de.strullerbaumann.visualee.filter.entity.SourcecodeFilterTest.testIsOkIncludeTrue,de.strullerbaumann.visualee.dependency.boundary.DependencyContainerTest.testGetRelevantClassesDirectlyConnected,OD,Opened,https://github.com/Thomas-S-B/visualee/pull/8,https://github.com/TestingResearchIllinois/flaky-test-dataset/issues/100,od_cl_projects/88732d9dbe5031dad9c9f85a4c4b35e5f1551f95/visualee/src/test/java/de/strullerbaumann/visualee/filter/entity/SourcecodeFilterTest.java,od_cl_projects/88732d9dbe5031dad9c9f85a4c4b35e5f1551f95/visualee/src/test/java/de/strullerbaumann/visualee/dependency/boundary/DependencyContainerTest.java,True,,"['0:test failures', '1:COMPILATION ERROR', '2:COMPILATION ERROR', '3:COMPILATION ERROR', '4:COMPILATION ERROR', '5:COMPILATION ERROR', 'summary:compilation_error']"
https://github.com/Thomas-S-B/visualee,visualee,88732d9dbe5031dad9c9f85a4c4b35e5f1551f95,.,de.strullerbaumann.visualee.filter.entity.SourcecodeFilterTest.testIsOkIncludeTrue,de.strullerbaumann.visualee.dependency.boundary.DependencyContainerTest.testGetRelevantClassesFilter,OD,Opened,https://github.com/Thomas-S-B/visualee/pull/8,https://github.com/TestingResearchIllinois/flaky-test-dataset/issues/100,od_cl_projects/88732d9dbe5031dad9c9f85a4c4b35e5f1551f95/visualee/src/test/java/de/strullerbaumann/visualee/filter/entity/SourcecodeFilterTest.java,od_cl_projects/88732d9dbe5031dad9c9f85a4c4b35e5f1551f95/visualee/src/test/java/de/strullerbaumann/visualee/dependency/boundary/DependencyContainerTest.java,True,,"['0:test failures', '1:test failures', '2:test failures', '3:test failures', '4:test failures', '5:test failures', 'summary:test_failures']"
https://github.com/Thomas-S-B/visualee,visualee,88732d9dbe5031dad9c9f85a4c4b35e5f1551f95,.,de.strullerbaumann.visualee.filter.entity.SourcecodeFilterTest.testIsOkIncludeTrue,de.strullerbaumann.visualee.examiner.cdi.ExaminerEJBTest.testFindAndSetAttributesEJBSetterWithAnnotations,OD,Opened,https://github.com/Thomas-S-B/visualee/pull/8,https://github.com/TestingResearchIllinois/flaky-test-dataset/issues/100,od_cl_projects/88732d9dbe5031dad9c9f85a4c4b35e5f1551f95/visualee/src/test/java/de/strullerbaumann/visualee/filter/entity/SourcecodeFilterTest.java,od_cl_projects/88732d9dbe5031dad9c9f85a4c4b35e5f1551f95/visualee/src/test/java/de/strullerbaumann/visualee/examiner/cdi/ExaminerEJBTest.java,True,,"['0:test failures', '1:test failures', '2:test failures', '3:test failures', '4:test failures', '5:test failures', 'summary:test_failures']"
https://github.com/Thomas-S-B/visualee,visualee,88732d9dbe5031dad9c9f85a4c4b35e5f1551f95,.,de.strullerbaumann.visualee.filter.entity.SourcecodeFilterTest.testIsOkIncludeTrue,de.strullerbaumann.visualee.examiner.cdi.ExaminerEJBTest.testFindAndSetAttributesEJBWithParameter,OD,Opened,https://github.com/Thomas-S-B/visualee/pull/8,https://github.com/TestingResearchIllinois/flaky-test-dataset/issues/100,od_cl_projects/88732d9dbe5031dad9c9f85a4c4b35e5f1551f95/visualee/src/test/java/de/strullerbaumann/visualee/filter/entity/SourcecodeFilterTest.java,od_cl_projects/88732d9dbe5031dad9c9f85a4c4b35e5f1551f95/visualee/src/test/java/de/strullerbaumann/visualee/examiner/cdi/ExaminerEJBTest.java,True,,"['0:test failures', '1:test failures', '2:COMPILATION ERROR', '3:COMPILATION ERROR', '4:COMPILATION ERROR', '5:COMPILATION ERROR', 'summary:test_failures']"
https://github.com/Thomas-S-B/visualee,visualee,88732d9dbe5031dad9c9f85a4c4b35e5f1551f95,.,de.strullerbaumann.visualee.filter.entity.SourcecodeFilterTest.testIsOkIncludeTrue,de.strullerbaumann.visualee.examiner.cdi.ExaminerEJBTest.testFindAndSetAttributesSetEJB,OD,Opened,https://github.com/Thomas-S-B/visualee/pull/8,https://github.com/TestingResearchIllinois/flaky-test-dataset/issues/100,od_cl_projects/88732d9dbe5031dad9c9f85a4c4b35e5f1551f95/visualee/src/test/java/de/strullerbaumann/visualee/filter/entity/SourcecodeFilterTest.java,od_cl_projects/88732d9dbe5031dad9c9f85a4c4b35e5f1551f95/visualee/src/test/java/de/strullerbaumann/visualee/examiner/cdi/ExaminerEJBTest.java,True,,"['0:test failures', '1:test failures', '2:test failures', '3:test failures', '4:test failures', '5:test failures', 'summary:test_failures']"
https://github.com/Thomas-S-B/visualee,visualee,88732d9dbe5031dad9c9f85a4c4b35e5f1551f95,.,de.strullerbaumann.visualee.filter.entity.SourcecodeFilterTest.testIsOkIncludeTrue,de.strullerbaumann.visualee.examiner.cdi.ExaminerEJBTest.testFindAndSetAttributesSetEJBPackageView,OD,Opened,https://github.com/Thomas-S-B/visualee/pull/8,https://github.com/TestingResearchIllinois/flaky-test-dataset/issues/100,od_cl_projects/88732d9dbe5031dad9c9f85a4c4b35e5f1551f95/visualee/src/test/java/de/strullerbaumann/visualee/filter/entity/SourcecodeFilterTest.java,od_cl_projects/88732d9dbe5031dad9c9f85a4c4b35e5f1551f95/visualee/src/test/java/de/strullerbaumann/visualee/examiner/cdi/ExaminerEJBTest.java,True,,"['0:test failures', '1:COMPILATION ERROR', '2:test failures', '3:COMPILATION ERROR', '4:COMPILATION ERROR', '5:COMPILATION ERROR', 'summary:test_failures']"
https://github.com/Thomas-S-B/visualee,visualee,88732d9dbe5031dad9c9f85a4c4b35e5f1551f95,.,de.strullerbaumann.visualee.filter.entity.SourcecodeFilterTest.testIsOkIncludeTrue,de.strullerbaumann.visualee.examiner.cdi.ExaminerEventTest.testFindAndSetAttributesSetInstance,OD,Opened,https://github.com/Thomas-S-B/visualee/pull/8,https://github.com/TestingResearchIllinois/flaky-test-dataset/issues/100,od_cl_projects/88732d9dbe5031dad9c9f85a4c4b35e5f1551f95/visualee/src/test/java/de/strullerbaumann/visualee/filter/entity/SourcecodeFilterTest.java,od_cl_projects/88732d9dbe5031dad9c9f85a4c4b35e5f1551f95/visualee/src/test/java/de/strullerbaumann/visualee/examiner/cdi/ExaminerEventTest.java,True,,"['0:test failures', '1:test failures', '2:test failures', '3:test failures', '4:test failures', '5:test failures', 'summary:test_failures']"
https://github.com/Thomas-S-B/visualee,visualee,88732d9dbe5031dad9c9f85a4c4b35e5f1551f95,.,de.strullerbaumann.visualee.filter.entity.SourcecodeFilterTest.testIsOkIncludeTrue,de.strullerbaumann.visualee.examiner.cdi.ExaminerEventTest.testFindEvents,OD,Opened,https://github.com/Thomas-S-B/visualee/pull/8,https://github.com/TestingResearchIllinois/flaky-test-dataset/issues/100,od_cl_projects/88732d9dbe5031dad9c9f85a4c4b35e5f1551f95/visualee/src/test/java/de/strullerbaumann/visualee/filter/entity/SourcecodeFilterTest.java,od_cl_projects/88732d9dbe5031dad9c9f85a4c4b35e5f1551f95/visualee/src/test/java/de/strullerbaumann/visualee/examiner/cdi/ExaminerEventTest.java,True,,"['0:test failures', '1:test failures', '2:test failures', '3:test failures', '4:test failures', '5:test failures', 'summary:test_failures']"
https://github.com/Thomas-S-B/visualee,visualee,88732d9dbe5031dad9c9f85a4c4b35e5f1551f95,.,de.strullerbaumann.visualee.filter.entity.SourcecodeFilterTest.testIsOkIncludeTrue,de.strullerbaumann.visualee.examiner.cdi.ExaminerInjectTest.testFindAndSetAttributesInjectSetterWithAnnotations,OD,Opened,https://github.com/Thomas-S-B/visualee/pull/8,https://github.com/TestingResearchIllinois/flaky-test-dataset/issues/100,od_cl_projects/88732d9dbe5031dad9c9f85a4c4b35e5f1551f95/visualee/src/test/java/de/strullerbaumann/visualee/filter/entity/SourcecodeFilterTest.java,od_cl_projects/88732d9dbe5031dad9c9f85a4c4b35e5f1551f95/visualee/src/test/java/de/strullerbaumann/visualee/examiner/cdi/ExaminerInjectTest.java,True,,"['0:test failures', '1:test failures', '2:test failures', '3:test failures', '4:COMPILATION ERROR', '5:test failures', 'summary:test_failures']"
https://github.com/Thomas-S-B/visualee,visualee,88732d9dbe5031dad9c9f85a4c4b35e5f1551f95,.,de.strullerbaumann.visualee.filter.entity.SourcecodeFilterTest.testIsOkIncludeTrue,de.strullerbaumann.visualee.examiner.cdi.ExaminerInjectTest.testFindAndSetAttributesSetInject,OD,Opened,https://github.com/Thomas-S-B/visualee/pull/8,https://github.com/TestingResearchIllinois/flaky-test-dataset/issues/100,od_cl_projects/88732d9dbe5031dad9c9f85a4c4b35e5f1551f95/visualee/src/test/java/de/strullerbaumann/visualee/filter/entity/SourcecodeFilterTest.java,od_cl_projects/88732d9dbe5031dad9c9f85a4c4b35e5f1551f95/visualee/src/test/java/de/strullerbaumann/visualee/examiner/cdi/ExaminerInjectTest.java,True,,"['0:test failures', '1:test failures', '2:test failures', '3:test failures', '4:test failures', '5:test failures', 'summary:test_failures']"
https://github.com/Thomas-S-B/visualee,visualee,88732d9dbe5031dad9c9f85a4c4b35e5f1551f95,.,de.strullerbaumann.visualee.filter.entity.SourcecodeFilterTest.testIsOkIncludeTrue,de.strullerbaumann.visualee.examiner.cdi.ExaminerInjectTest.testFindEventNamedClass,OD,Opened,https://github.com/Thomas-S-B/visualee/pull/8,https://github.com/TestingResearchIllinois/flaky-test-dataset/issues/100,od_cl_projects/88732d9dbe5031dad9c9f85a4c4b35e5f1551f95/visualee/src/test/java/de/strullerbaumann/visualee/filter/entity/SourcecodeFilterTest.java,od_cl_projects/88732d9dbe5031dad9c9f85a4c4b35e5f1551f95/visualee/src/test/java/de/strullerbaumann/visualee/examiner/cdi/ExaminerInjectTest.java,True,,"['0:test failures', '1:test failures', '2:test failures', '3:test failures', '4:test failures', '5:test failures', 'summary:test_failures']"
https://github.com/Thomas-S-B/visualee,visualee,88732d9dbe5031dad9c9f85a4c4b35e5f1551f95,.,de.strullerbaumann.visualee.filter.entity.SourcecodeFilterTest.testIsOkIncludeTrue,de.strullerbaumann.visualee.examiner.cdi.ExaminerInstanceTest.testFindAndSetAttributesSetInstance,OD,Opened,https://github.com/Thomas-S-B/visualee/pull/8,https://github.com/TestingResearchIllinois/flaky-test-dataset/issues/100,od_cl_projects/88732d9dbe5031dad9c9f85a4c4b35e5f1551f95/visualee/src/test/java/de/strullerbaumann/visualee/filter/entity/SourcecodeFilterTest.java,od_cl_projects/88732d9dbe5031dad9c9f85a4c4b35e5f1551f95/visualee/src/test/java/de/strullerbaumann/visualee/examiner/cdi/ExaminerInstanceTest.java,True,,"['0:test failures', '1:test failures', '2:test failures', '3:test failures', '4:test failures', '5:test failures', 'summary:test_failures']"
https://github.com/Thomas-S-B/visualee,visualee,88732d9dbe5031dad9c9f85a4c4b35e5f1551f95,.,de.strullerbaumann.visualee.filter.entity.SourcecodeFilterTest.testIsOkIncludeTrue,de.strullerbaumann.visualee.examiner.cdi.ExaminerInstanceTest.testFindAndSetAttributesSetInstanceGeneric,OD,Opened,https://github.com/Thomas-S-B/visualee/pull/8,https://github.com/TestingResearchIllinois/flaky-test-dataset/issues/100,od_cl_projects/88732d9dbe5031dad9c9f85a4c4b35e5f1551f95/visualee/src/test/java/de/strullerbaumann/visualee/filter/entity/SourcecodeFilterTest.java,od_cl_projects/88732d9dbe5031dad9c9f85a4c4b35e5f1551f95/visualee/src/test/java/de/strullerbaumann/visualee/examiner/cdi/ExaminerInstanceTest.java,True,,"['0:test failures', '1:test failures', '2:test failures', '3:test failures', '4:test failures', '5:test failures', 'summary:test_failures']"
https://github.com/Thomas-S-B/visualee,visualee,88732d9dbe5031dad9c9f85a4c4b35e5f1551f95,.,de.strullerbaumann.visualee.filter.entity.SourcecodeFilterTest.testIsOkIncludeTrue,de.strullerbaumann.visualee.examiner.cdi.ExaminerObservesTest.testObservesAnnotated,OD,Opened,https://github.com/Thomas-S-B/visualee/pull/8,https://github.com/TestingResearchIllinois/flaky-test-dataset/issues/100,od_cl_projects/88732d9dbe5031dad9c9f85a4c4b35e5f1551f95/visualee/src/test/java/de/strullerbaumann/visualee/filter/entity/SourcecodeFilterTest.java,od_cl_projects/88732d9dbe5031dad9c9f85a4c4b35e5f1551f95/visualee/src/test/java/de/strullerbaumann/visualee/examiner/cdi/ExaminerObservesTest.java,True,,"['0:test failures', '1:test failures', '2:test failures', '3:COMPILATION ERROR', '4:test failures', '5:test failures', 'summary:test_failures']"
https://github.com/Thomas-S-B/visualee,visualee,88732d9dbe5031dad9c9f85a4c4b35e5f1551f95,.,de.strullerbaumann.visualee.filter.entity.SourcecodeFilterTest.testIsOkIncludeTrue,de.strullerbaumann.visualee.examiner.cdi.ExaminerObservesTest.testObservesDuring,OD,Opened,https://github.com/Thomas-S-B/visualee/pull/8,https://github.com/TestingResearchIllinois/flaky-test-dataset/issues/100,od_cl_projects/88732d9dbe5031dad9c9f85a4c4b35e5f1551f95/visualee/src/test/java/de/strullerbaumann/visualee/filter/entity/SourcecodeFilterTest.java,od_cl_projects/88732d9dbe5031dad9c9f85a4c4b35e5f1551f95/visualee/src/test/java/de/strullerbaumann/visualee/examiner/cdi/ExaminerObservesTest.java,True,,"['0:test failures', '1:test failures', '2:test failures', '3:COMPILATION ERROR', '4:COMPILATION ERROR', '5:COMPILATION ERROR', 'summary:test_failures']"
https://github.com/Thomas-S-B/visualee,visualee,88732d9dbe5031dad9c9f85a4c4b35e5f1551f95,.,de.strullerbaumann.visualee.filter.entity.SourcecodeFilterTest.testIsOkIncludeTrue,de.strullerbaumann.visualee.examiner.cdi.ExaminerObservesTest.testObservesNotify,OD,Opened,https://github.com/Thomas-S-B/visualee/pull/8,https://github.com/TestingResearchIllinois/flaky-test-dataset/issues/100,od_cl_projects/88732d9dbe5031dad9c9f85a4c4b35e5f1551f95/visualee/src/test/java/de/strullerbaumann/visualee/filter/entity/SourcecodeFilterTest.java,od_cl_projects/88732d9dbe5031dad9c9f85a4c4b35e5f1551f95/visualee/src/test/java/de/strullerbaumann/visualee/examiner/cdi/ExaminerObservesTest.java,True,,"['0:test failures', '1:test failures', '2:COMPILATION ERROR', '3:COMPILATION ERROR', '4:COMPILATION ERROR', '5:COMPILATION ERROR', 'summary:test_failures']"
https://github.com/Thomas-S-B/visualee,visualee,88732d9dbe5031dad9c9f85a4c4b35e5f1551f95,.,de.strullerbaumann.visualee.filter.entity.SourcecodeFilterTest.testIsOkIncludeTrue,de.strullerbaumann.visualee.examiner.cdi.ExaminerObservesTest.testObservesWithPhases,OD,Opened,https://github.com/Thomas-S-B/visualee/pull/8,https://github.com/TestingResearchIllinois/flaky-test-dataset/issues/100,od_cl_projects/88732d9dbe5031dad9c9f85a4c4b35e5f1551f95/visualee/src/test/java/de/strullerbaumann/visualee/filter/entity/SourcecodeFilterTest.java,od_cl_projects/88732d9dbe5031dad9c9f85a4c4b35e5f1551f95/visualee/src/test/java/de/strullerbaumann/visualee/examiner/cdi/ExaminerObservesTest.java,True,,"['0:test failures', '1:test failures', '2:COMPILATION ERROR', '3:test failures', '4:test failures', '5:test failures', 'summary:test_failures']"
