https://github.com/apache/flink,23c9b5ac50d04d28a34a87c78eb2d3331c06b74b,flink-libraries/flink-cep,org.apache.flink.cep.nfa.NFATest.testNFASerialization,ID,,,,/home/azureuser/flaky/projects/23c9b5ac50d04d28a34a87c78eb2d3331c06b74b/flink/flink-libraries/flink-cep/src/test/java/org/apache/flink/cep/nfa/NFATest.java,,,"['0:test failures', RateLimitError(message='Rate limit reached for 10KTPM-200RPM in organization org-5e2dm6awaJY43ZYRsYEsVc2m on tokens per min. Limit: 10000 / min. Please try again in 6ms. Contact us through our help center at help.openai.com if you continue to have issues.', http_status=429, request_id=None)]"
https://github.com/twitter/cloudhopper-commons,05f06af02facfe4414c2ceaa799182c6dffbc1b4,ch-commons-util,com.cloudhopper.commons.util.windowing.WindowTest.simulatedMultithreadedProcessing,ID,,,,/home/azureuser/flaky/projects/05f06af02facfe4414c2ceaa799182c6dffbc1b4/cloudhopper-commons/ch-commons-util/src/test/java/com/cloudhopper/commons/util/windowing/WindowTest.java,True,/home/azureuser/flaky/IDx2/314c2530f9e9a7fd1815ab16275db98517edae27/goodPatches/cloudhopper-commons/05f06af02facfe4414c2ceaa799182c6dffbc1b4/ch-commons-util/com.cloudhopper.commons.util.windowing.WindowTest.simulatedMultithreadedProcessing/2.patch,"['0:test failures', 'simple_result_before:COMPILATION ERROR', '1:COMPILATION ERROR', '2:test pass', 'summary:good fix']"
https://github.com/Meituan-Dianping/Leaf,86a6441d263497b9f9ee321de13422b9c63f0c06,leaf-core,com.sankuai.inf.leaf.segment.IDGenServiceTest.testGetId,ID,,,,/home/azureuser/flaky/projects/86a6441d263497b9f9ee321de13422b9c63f0c06/Leaf/leaf-core/src/test/java/com/sankuai/inf/leaf/segment/IDGenServiceTest.java,,,"['0:test pass', 'original test not flaky']"
https://github.com/apache/cxf,d849512da6499d00e3e84eb60733a0343a473b44,rt/rs/extension/search,org.apache.cxf.jaxrs.ext.search.BeanspectorTest.testMismatchedOverriddenBeans,ID,,,Detected by Nondex 1.1.3,/home/azureuser/flaky/projects/d849512da6499d00e3e84eb60733a0343a473b44/cxf/rt/rs/extensions/search/src/test/java/org/apache/cxf/jaxrs/ext/search/BeanspectorTest.java,,,"['0:BUILD FAILURE', 'original test not compilable, or build failure, or incorrect test name']"
https://github.com/apache/nifi,2bd752d868a8f3e36113b078bb576cf054e945e8,nifi-registry/nifi-registry-core/nifi-registry-framework,org.apache.nifi.registry.security.ldap.tenants.LdapUserGroupProviderTest.testReferencedGroupUsingReferencedAttribute,ID,,,,/home/azureuser/flaky/projects/2bd752d868a8f3e36113b078bb576cf054e945e8/nifi/nifi-registry/nifi-registry-core/nifi-registry-framework/src/test/java/org/apache/nifi/registry/security/ldap/tenants/LdapUserGroupProviderTest.java,,,"['0:BUILD FAILURE', 'original test not compilable, or build failure, or incorrect test name']"
https://github.com/apache/nifi,2bd752d868a8f3e36113b078bb576cf054e945e8,nifi-commons/nifi-record,org.apache.nifi.serialization.record.TestDataTypeUtils.testInferTypeWithMapNonStringKeys,ID,,,,/home/azureuser/flaky/projects/2bd752d868a8f3e36113b078bb576cf054e945e8/nifi/nifi-commons/nifi-record/src/test/java/org/apache/nifi/serialization/record/TestDataTypeUtils.java,True,,"['0:test failures', 'simple_result_before:COMPILATION ERROR', '1:COMPILATION ERROR', '2:COMPILATION ERROR', '3:COMPILATION ERROR', '4:COMPILATION ERROR', '5:COMPILATION ERROR', 'summary:compilation_error']"
https://github.com/apache/nifi,2bd752d868a8f3e36113b078bb576cf054e945e8,nifi-nar-bundles/nifi-hbase-bundle/nifi-hbase-processors,org.apache.nifi.hbase.TestFetchHBaseRow.testFetchSpecificColumnsToContentWithBase64,ID,,,,/home/azureuser/flaky/projects/2bd752d868a8f3e36113b078bb576cf054e945e8/nifi/nifi-nar-bundles/nifi-hbase-bundle/nifi-hbase-processors/src/test/java/org/apache/nifi/hbase/TestFetchHBaseRow.java,,,"['0:test pass', 'original test not flaky']"
https://github.com/apache/nifi,2bd752d868a8f3e36113b078bb576cf054e945e8,nifi-nar-bundles/nifi-hadoop-bundle/nifi-hdfs-processors,org.apache.nifi.processors.hadoop.TestGetHDFSFileInfo.testRecursiveGroupAllToAttributes,ID,,,,/home/azureuser/flaky/projects/2bd752d868a8f3e36113b078bb576cf054e945e8/nifi/nifi-nar-bundles/nifi-hadoop-bundle/nifi-hdfs-processors/src/test/java/org/apache/nifi/processors/hadoop/TestGetHDFSFileInfo.java,,,"['0:test failures', RateLimitError(message='Rate limit reached for 10KTPM-200RPM in organization org-5e2dm6awaJY43ZYRsYEsVc2m on tokens per min. Limit: 10000 / min. Please try again in 6ms. Contact us through our help center at help.openai.com if you continue to have issues.', http_status=429, request_id=None)]"
https://github.com/apache/nifi,2bd752d868a8f3e36113b078bb576cf054e945e8,nifi-nar-bundles/nifi-parquet-bundle/nifi-parquet-processors,org.apache.nifi.processors.parquet.TestConvertAvroToParquet.testData,ID,,,,/home/azureuser/flaky/projects/2bd752d868a8f3e36113b078bb576cf054e945e8/nifi/nifi-nar-bundles/nifi-parquet-bundle/nifi-parquet-processors/src/test/java/org/apache/nifi/processors/parquet/TestConvertAvroToParquet.java,True,,"['0:test failures', 'simple_result_before:test failures', '1:test failures', '2:COMPILATION ERROR', '3:test failures', '4:test failures', '5:test failures', 'summary:test_failures']"
https://github.com/apache/nifi,2bd752d868a8f3e36113b078bb576cf054e945e8,nifi-nar-bundles/nifi-standard-services/nifi-hbase_1_1_2-client-service-bundle/nifi-hbase_1_1_2-client-service,org.apache.nifi.hbase.TestHBase_1_1_2_ClientService.testScan,ID,,,,/home/azureuser/flaky/projects/2bd752d868a8f3e36113b078bb576cf054e945e8/nifi/nifi-nar-bundles/nifi-standard-services/nifi-hbase_1_1_2-client-service-bundle/nifi-hbase_1_1_2-client-service/src/test/java/org/apache/nifi/hbase/TestHBase_1_1_2_ClientService.java,True,,"['0:test failures', 'simple_result_before:COMPILATION ERROR', '1:COMPILATION ERROR', '2:COMPILATION ERROR', '3:COMPILATION ERROR', '4:COMPILATION ERROR', '5:COMPILATION ERROR', 'summary:compilation_error']"
https://github.com/apache/hudi,9c059ef8e574616ceac5595204273244e37fd6a5,hudi-common,org.apache.hudi.common.table.timeline.TestHoodieActiveTimeline.testCreateNewInstantTime,ID,,,,/home/azureuser/flaky/projects/9c059ef8e574616ceac5595204273244e37fd6a5/hudi/hudi-common/src/test/java/org/apache/hudi/common/table/timeline/TestHoodieActiveTimeline.java,,,"['0:test pass', 'original test not flaky']"
https://github.com/apache/cxf,649520354501295859b692ddf1b42adb919affbb,helpers,org.apache.cxf.helpers.FileUtilsTest.testGetFiles,ID,,,,/home/azureuser/flaky/projects/649520354501295859b692ddf1b42adb919affbb/cxf/core/src/test/java/org/apache/cxf/helpers/FileUtilsTest.java,,,"['0:BUILD FAILURE', 'original test not compilable, or build failure, or incorrect test name']"
https://github.com/apache/commons-math,43b77ffabba8a48144080674973362150cbcfb28,.,org.apache.commons.math4.ml.neuralnet.sofm.KohonenUpdateActionTest.testUpdate,ID,,,,/home/azureuser/flaky/projects/43b77ffabba8a48144080674973362150cbcfb28/commons-math/src/test/java/org/apache/commons/math4/ml/neuralnet/sofm/KohonenUpdateActionTest.java,,,"['0:BUILD FAILURE', 'original test not compilable, or build failure, or incorrect test name']"
https://github.com/wildfly/wildfly,914e190167a79c538e0f87ea4385a6626bdecc9a,dist,org.wildfly.dist.subsystem.xml.StandardConfigsXMLValidationUnitTestCase.testStandaloneMicroProfile,ID,,,Detected by Nondex 1.1.3,/home/azureuser/flaky/projects/914e190167a79c538e0f87ea4385a6626bdecc9a/wildfly/dist/src/test/java/org/wildfly/dist/subsystem/xml/StandardConfigsXMLValidationUnitTestCase.java,,,"['0:BUILD FAILURE', 'original test not compilable, or build failure, or incorrect test name']"
https://github.com/graphhopper/graphhopper,91f1a89a0b515328109a659e445b1008d9db8769,web-api,com.graphhopper.util.InstructionListRepresentationTest.testRoundaboutJsonIntegrity,ID,,,,/home/azureuser/flaky/projects/91f1a89a0b515328109a659e445b1008d9db8769/graphhopper/web-api/src/test/java/com/graphhopper/util/InstructionListRepresentationTest.java,True,,"['0:test failures', 'simple_result_before:test failures', '1:test failures', '2:test failures', '3:test failures', '4:COMPILATION ERROR', '5:COMPILATION ERROR', 'summary:test_failures']"
https://github.com/graphhopper/graphhopper,91f1a89a0b515328109a659e445b1008d9db8769,core,com.graphhopper.routing.ch.CHProfileSelectorTest.onlyEdgeBasedPresent,ID,,,,/home/azureuser/flaky/projects/91f1a89a0b515328109a659e445b1008d9db8769/graphhopper/core/src/test/java/com/graphhopper/routing/ch/CHProfileSelectorTest.java,True,,"['0:test failures', 'simple_result_before:test failures', '1:test failures', '2:COMPILATION ERROR', '3:test failures', '4:test failures', '5:test failures', 'summary:test_failures']"
https://github.com/xkcoding/spring-boot-demo,87a142f9604c1a5365b4d24d22c2c11c26a9d5ab,demo-orm-jdbctemplate,com.xkcoding.orm.jdbctemplate.SpringBootDemoOrmJdbctemplateApplicationTests.contextLoads,ID,,,,/home/azureuser/flaky/projects/87a142f9604c1a5365b4d24d22c2c11c26a9d5ab/spring-boot-demo/demo-orm-jdbctemplate/src/test/java/com/xkcoding/orm/jdbctemplate/SpringBootDemoOrmJdbctemplateApplicationTests.java,,,"['0:test pass', 'original test not flaky']"
https://github.com/apache/hadoop,cc2babc1f75c93bf89a8f10da525f944c15d02ea,hadoop-mapreduce-project/hadoop-mapreduce-client/hadoop-mapreduce-client-hs,org.apache.hadoop.mapreduce.v2.hs.webapp.TestHsWebServicesJobs.testJobIdXML,ID,,,,/home/azureuser/flaky/projects/cc2babc1f75c93bf89a8f10da525f944c15d02ea/hadoop/hadoop-mapreduce-project/hadoop-mapreduce-client/hadoop-mapreduce-client-hs/src/test/java/org/apache/hadoop/mapreduce/v2/hs/webapp/TestHsWebServicesJobs.java,,,"['0:COMPILATION ERROR', 'original test not compilable, or build failure, or incorrect test name']"
https://github.com/ta4j/ta4j,09cb8397161052403438c22c46404e2bc0c454ab,ta4j-examples,ta4jexamples.analysis.BuyAndSellSignalsToChartTest.test,ID,,,,/home/azureuser/flaky/projects/09cb8397161052403438c22c46404e2bc0c454ab/ta4j/ta4j-examples/src/test/java/ta4jexamples/analysis/BuyAndSellSignalsToChartTest.java,,,"['0:test pass', 'original test not flaky']"
https://github.com/cerner/common-kafka,d7873514c1705575c642ed99d2fa501f9b319790,common-kafka,com.cerner.common.kafka.consumer.ProcessingKafkaConsumerTest.nextRecord_fairProcessing,ID,,,,/home/azureuser/flaky/projects/d7873514c1705575c642ed99d2fa501f9b319790/common-kafka/common-kafka/src/test/java/com/cerner/common/kafka/consumer/ProcessingKafkaConsumerTest.java,True,,"['0:test failures', 'simple_result_before:COMPILATION ERROR', '1:COMPILATION ERROR', '2:test failures', '3:COMPILATION ERROR', '4:COMPILATION ERROR', '5:COMPILATION ERROR', 'summary:test_failures']"
https://github.com/cerner/common-kafka,d7873514c1705575c642ed99d2fa501f9b319790,common-kafka,com.cerner.common.kafka.consumer.ProcessingKafkaConsumerTest.rebalanceListener_onPartitionsAssigned,ID,,,,/home/azureuser/flaky/projects/d7873514c1705575c642ed99d2fa501f9b319790/common-kafka/common-kafka/src/test/java/com/cerner/common/kafka/consumer/ProcessingKafkaConsumerTest.java,True,/home/azureuser/flaky/IDx2/314c2530f9e9a7fd1815ab16275db98517edae27/goodPatches/common-kafka/d7873514c1705575c642ed99d2fa501f9b319790/common-kafka/com.cerner.common.kafka.consumer.ProcessingKafkaConsumerTest.rebalanceListener_onPartitionsAssigned/1.patch,"['0:test failures', 'simple_result_before:test pass', '1:test pass', 'summary:good fix']"
https://github.com/twitter-archive/distributedlog,6c7b5745b697617327235a8b773a4263e50875ee,distributedlog-core,com.twitter.distributedlog.impl.metadata.TestZKLogMetadataForWriter.testCreateLogMetadata,ID,,,,/home/azureuser/flaky/projects/6c7b5745b697617327235a8b773a4263e50875ee/distributedlog/distributedlog-core/src/test/java/com/twitter/distributedlog/impl/metadata/TestZKLogMetadataForWriter.java,,,"['0:test pass', 'original test not flaky']"
https://github.com/apache/incubator-wayang,b7b6c1ebf65b58f5c03ac2b9fd4c1846ea877d01,wayang-platforms.wayang-graphch,org.apache.wayang.graphchi.operators.GraphChiPageRankOperatorTest.testExecution,ID,,,,/home/azureuser/flaky/projects/b7b6c1ebf65b58f5c03ac2b9fd4c1846ea877d01/incubator-wayang/wayang-platforms/wayang-graphchi/src/test/java/org/apache/wayang/graphchi/operators/GraphChiPageRankOperatorTest.java,,,"['0:BUILD FAILURE', 'original test not compilable, or build failure, or incorrect test name']"
https://github.com/apache/ignite-3,a1aa7fd4e2398c72827777ec5417d67915ff4da3,modules/configuration,org.apache.ignite.internal.configuration.asm.ConfigurationAsmGeneratorTest.testPolymorphicErrors,ID,Accepted,https://github.com/apache/ignite-3/pull/1312,,/home/azureuser/flaky/projects/a1aa7fd4e2398c72827777ec5417d67915ff4da3/ignite-3/modules/configuration/src/test/java/org/apache/ignite/internal/configuration/asm/ConfigurationAsmGeneratorTest.java,,,"['0:BUILD FAILURE', 'original test not compilable, or build failure, or incorrect test name']"
https://github.com/apache/ignite-3,a1aa7fd4e2398c72827777ec5417d67915ff4da3,modules/table,org.apache.ignite.internal.table.distributed.TableManagerTest.tableManagerStopTest,ID,Accepted,https://github.com/apache/ignite-3/pull/1312,,/home/azureuser/flaky/projects/a1aa7fd4e2398c72827777ec5417d67915ff4da3/ignite-3/modules/table/src/test/java/org/apache/ignite/internal/table/distributed/TableManagerTest.java,,,"['0:BUILD FAILURE', 'original test not compilable, or build failure, or incorrect test name']"
https://github.com/sofastack/sofa-boot,451b5c513ceb13317ea7b53c656dde2a597867df,sofa-boot-project/sofa-boot-starters/log-sofa-boot-starter,com.alipay.sofa.common.boot.logging.test.DefaultLevelTest.testDefaultLevel,ID,Accepted,https://github.com/sofastack/sofa-boot/pull/1124,,/home/azureuser/flaky/projects/451b5c513ceb13317ea7b53c656dde2a597867df/sofa-boot/sofa-boot-project/sofa-boot-starters/log-sofa-boot-starter/src/test/java/com/alipay/sofa/common/boot/logging/test/DefaultLevelTest.java,,,"['0:test pass', 'original test not flaky']"
https://github.com/classgraph/classgraph,d3b5aebd2d9bfc8b98539f7ce157775cc5af6e95,.,io.github.classgraph.json.JSONSerializationTest.testJSON,ID,Accepted,https://github.com/classgraph/classgraph/pull/383,,/home/azureuser/flaky/projects/d3b5aebd2d9bfc8b98539f7ce157775cc5af6e95/classgraph/src/test/java/io/github/classgraph/json/JSONSerializationTest.java,True,,"['0:test failures', 'simple_result_before:COMPILATION ERROR', '1:COMPILATION ERROR', '2:test failures', '3:test failures', '4:COMPILATION ERROR', Timeout(message=""Request timed out: HTTPSConnectionPool(host='api.openai.com', port=443): Read timed out. (read timeout=600)"", http_status=None, request_id=None)]"
https://github.com/fhoeben/hsac-fitnesse-fixtures,a64c18d9c4bac8271275c7b089d40be20f0604b5,.,nl.hsac.fitnesse.fixture.slim.JsonHttpTestTest.testDeleteValuesAsJson,ID,Accepted,https://github.com/fhoeben/hsac-fitnesse-fixtures/pull/360,,/home/azureuser/flaky/projects/a64c18d9c4bac8271275c7b089d40be20f0604b5/hsac-fitnesse-fixtures/src/test/java/nl/hsac/fitnesse/fixture/slim/JsonHttpTestTest.java,True,/home/azureuser/flaky/IDx2/314c2530f9e9a7fd1815ab16275db98517edae27/goodPatches/hsac-fitnesse-fixtures/a64c18d9c4bac8271275c7b089d40be20f0604b5/./nl.hsac.fitnesse.fixture.slim.JsonHttpTestTest.testDeleteValuesAsJson/1.patch,"['0:test failures', 'simple_result_before:test pass', '1:test pass', 'summary:good fix']"
https://github.com/espertechinc/esper,590fa9c9eb854f1420b9d337b802aca19f963cc0,regression-run,com.espertech.esper.regressionrun.suite.context.TestSuiteContext.testContextCategory,ID,Accepted,https://github.com/espertechinc/esper/pull/248,commit:https://github.com/espertechinc/esper/commit/febd574d5fb1bab9ba7e109bacbcfbee325337a1,/home/azureuser/flaky/projects/590fa9c9eb854f1420b9d337b802aca19f963cc0/esper/regression-run/src/test/java/com/espertech/esper/regressionrun/suite/context/TestSuiteContext.java,True,,"['0:test failures', 'simple_result_before:COMPILATION ERROR', '1:COMPILATION ERROR', '2:COMPILATION ERROR', '3:COMPILATION ERROR', '4:COMPILATION ERROR', '5:BUILD FAILURE', 'summary:compilation_error']"
https://github.com/apache/servicecomb-java-chassis,76813bc18a2513d6797794721d0bcf72dcc4ab22,foundations/foundation-vertx,org.apache.servicecomb.foundation.vertx.http.TestAbstractHttpServletRequest.testAttribute,ID,Accepted,https://github.com/apache/servicecomb-java-chassis/pull/3393,,/home/azureuser/flaky/projects/76813bc18a2513d6797794721d0bcf72dcc4ab22/servicecomb-java-chassis/foundations/foundation-vertx/src/test/java/org/apache/servicecomb/foundation/vertx/http/TestAbstractHttpServletRequest.java,True,/home/azureuser/flaky/IDx2/314c2530f9e9a7fd1815ab16275db98517edae27/goodPatches/servicecomb-java-chassis/76813bc18a2513d6797794721d0bcf72dcc4ab22/foundations/foundation-vertx/org.apache.servicecomb.foundation.vertx.http.TestAbstractHttpServletRequest.testAttribute/1.patch,"['0:test failures', 'simple_result_before:test pass', '1:test pass', 'summary:good fix']"
https://github.com/apache/pinot,2253bd717a10c15220a1157316e233d11531e04b,pinot-common,org.apache.pinot.common.utils.PinotDataTypeTest.testObject,ID,Opened,https://github.com/apache/pinot/pull/9966,,/home/azureuser/flaky/projects/2253bd717a10c15220a1157316e233d11531e04b/pinot/pinot-common/src/test/java/org/apache/pinot/common/utils/PinotDataTypeTest.java,,,"['0:test pass', 'original test not flaky']"
https://github.com/FasterXML/jackson-datatypes-collections,78d1d23c015eaf74fda45eff2b816400e41bd651,eclipse-collections,com.fasterxml.jackson.datatype.eclipsecollections.DeserializerTest.primitivePairs,ID,Opened,https://github.com/FasterXML/jackson-datatypes-collections/pull/93,,/home/azureuser/flaky/projects/78d1d23c015eaf74fda45eff2b816400e41bd651/jackson-datatypes-collections/eclipse-collections/src/test/java/com/fasterxml/jackson/datatype/eclipsecollections/DeserializerTest.java,True,/home/azureuser/flaky/IDx2/314c2530f9e9a7fd1815ab16275db98517edae27/goodPatches/jackson-datatypes-collections/78d1d23c015eaf74fda45eff2b816400e41bd651/eclipse-collections/com.fasterxml.jackson.datatype.eclipsecollections.DeserializerTest.primitivePairs/2.patch,"['0:test failures', 'simple_result_before:test failures', '1:test failures', '2:test pass', 'summary:good fix']"
https://github.com/braintree/braintree_java,4471cdb6bd5fed2509d4c529ae896ffbb07713ae,.,com.braintreegateway.unittest.RequestBuilderTest.map,ID,Accepted,https://github.com/braintree/braintree_java/pull/99,,/home/azureuser/flaky/projects/4471cdb6bd5fed2509d4c529ae896ffbb07713ae/braintree_java/src/test/java/com/braintreegateway/unittest/RequestBuilderTest.java,True,/home/azureuser/flaky/IDx2/314c2530f9e9a7fd1815ab16275db98517edae27/goodPatches/braintree_java/4471cdb6bd5fed2509d4c529ae896ffbb07713ae/./com.braintreegateway.unittest.RequestBuilderTest.map/1.patch,"['0:test failures', 'simple_result_before:test pass', '1:test pass', 'summary:good fix']"
https://github.com/orbit/orbit,c4904af2f3745fea93871493edd7e09348e77768,actors/test/actor-tests,cloud.orbit.actors.test.GenericActorStateTest.testGenericStateActor,ID,Deleted,,,/home/azureuser/flaky/projects/c4904af2f3745fea93871493edd7e09348e77768/orbit/actors/test/actor-tests/src/test/java/cloud/orbit/actors/test/GenericActorStateTest.java,,,"['0:BUILD FAILURE', 'original test not compilable, or build failure, or incorrect test name']"
https://github.com/vmware/admiral,e4b02936cc7d4ff2714e7231db0c4373ba5d48a2,adapter/kubernetes,com.vmware.admiral.adapter.pks.service.KubeConfigContentServiceTest.testGetKubeConfigWithBearerToken,ID,RepoArchived,,,/home/azureuser/flaky/projects/e4b02936cc7d4ff2714e7231db0c4373ba5d48a2/admiral/adapter/kubernetes/src/test/java/com/vmware/admiral/adapter/pks/service/KubeConfigContentServiceTest.java,True,/home/azureuser/flaky/IDx2/314c2530f9e9a7fd1815ab16275db98517edae27/goodPatches/admiral/e4b02936cc7d4ff2714e7231db0c4373ba5d48a2/adapter/kubernetes/com.vmware.admiral.adapter.pks.service.KubeConfigContentServiceTest.testGetKubeConfigWithBearerToken/4.patch,"['0:test failures', 'simple_result_before:COMPILATION ERROR', '1:COMPILATION ERROR', '2:COMPILATION ERROR', '3:test failures', '4:test pass', 'summary:good fix']"
https://github.com/eBay/taxonomy-sdk,7d6bc84b8d3c20b872b3457a4c22cf03cef1bbd6,.,com.ebay.commerce.taxonomy.AspectsSDKCoreTest.testAspectsDelta,ID,Opened,https://github.com/eBay/taxonomy-sdk/pull/4,,/home/azureuser/flaky/projects/7d6bc84b8d3c20b872b3457a4c22cf03cef1bbd6/taxonomy-sdk/src/test/java/com/ebay/commerce/taxonomy/AspectsSDKCoreTest.java,,,"['0:test pass', 'original test not flaky']"
https://github.com/apache/skywalking-java,364a4af4b1bd2805156d67b802b24a2105e24822,apm-commons/apm-util,org.apache.skywalking.apm.util.ConfigInitializerTest.testInitialize,ID,Accepted,https://github.com/apache/skywalking-java/pull/403,,/home/azureuser/flaky/projects/364a4af4b1bd2805156d67b802b24a2105e24822/skywalking-java/apm-commons/apm-util/src/test/java/org/apache/skywalking/apm/util/ConfigInitializerTest.java,True,/home/azureuser/flaky/IDx2/314c2530f9e9a7fd1815ab16275db98517edae27/goodPatches/skywalking-java/364a4af4b1bd2805156d67b802b24a2105e24822/apm-commons/apm-util/org.apache.skywalking.apm.util.ConfigInitializerTest.testInitialize/4.patch,"['0:test failures', 'simple_result_before:test failures', '1:test failures', '2:COMPILATION ERROR', '3:COMPILATION ERROR', '4:test pass', 'summary:good fix']"
https://github.com/apache/incubator-shenyu,3777209fc76800175df3962213ca1febe57edca6,shenyu-common,org.apache.shenyu.common.utils.GsonUtilsTest.testToJson,ID,Accepted,https://github.com/apache/incubator-shenyu/pull/3005,,/home/azureuser/flaky/projects/3777209fc76800175df3962213ca1febe57edca6/incubator-shenyu/shenyu-common/src/test/java/org/apache/shenyu/common/utils/GsonUtilsTest.java,True,/home/azureuser/flaky/IDx2/314c2530f9e9a7fd1815ab16275db98517edae27/goodPatches/incubator-shenyu/3777209fc76800175df3962213ca1febe57edca6/shenyu-common/org.apache.shenyu.common.utils.GsonUtilsTest.testToJson/1.patch,"['0:test failures', 'simple_result_before:test pass', '1:test pass', 'summary:good fix']"
https://github.com/oracle/oci-hdfs-connector,66d6b89415943fc20b0a591b09ee6d50bbe7f9d0,hdfs-connector,com.oracle.bmc.hdfs.caching.CachingObjectStorageTest.testCacheKeys,ID,Opened,https://github.com/oracle/oci-hdfs-connector/pull/70,,/home/azureuser/flaky/projects/66d6b89415943fc20b0a591b09ee6d50bbe7f9d0/oci-hdfs-connector/hdfs-connector/src/test/java/com/oracle/bmc/hdfs/caching/CachingObjectStorageTest.java,True,/home/azureuser/flaky/IDx2/314c2530f9e9a7fd1815ab16275db98517edae27/goodPatches/oci-hdfs-connector/66d6b89415943fc20b0a591b09ee6d50bbe7f9d0/hdfs-connector/com.oracle.bmc.hdfs.caching.CachingObjectStorageTest.testCacheKeys/2.patch,"['0:test failures', 'simple_result_before:test failures', '1:test failures', '2:test pass', 'summary:good fix']"
https://github.com/apolloconfig/apollo,75f9950d5e1675dbb0617555c4502685ef4d4618,apollo-adminservice,com.ctrip.framework.apollo.adminservice.controller.ReleaseControllerTest.testReleaseBuild,ID,Accepted,https://github.com/apolloconfig/apollo/pull/4311,,/home/azureuser/flaky/projects/75f9950d5e1675dbb0617555c4502685ef4d4618/apollo/apollo-adminservice/src/test/java/com/ctrip/framework/apollo/adminservice/controller/ReleaseControllerTest.java,True,/home/azureuser/flaky/IDx2/314c2530f9e9a7fd1815ab16275db98517edae27/goodPatches/apollo/75f9950d5e1675dbb0617555c4502685ef4d4618/apollo-adminservice/com.ctrip.framework.apollo.adminservice.controller.ReleaseControllerTest.testReleaseBuild/2.patch,"['0:test failures', 'simple_result_before:COMPILATION ERROR', '1:COMPILATION ERROR', '2:test pass', 'summary:good fix']"
https://github.com/apolloconfig/apollo,75f9950d5e1675dbb0617555c4502685ef4d4618,apollo-configservice,com.ctrip.framework.apollo.configservice.service.ReleaseMessageServiceWithCacheTest.testWhenReleaseMsgSizeBiggerThan500,ID,Accepted,https://github.com/apolloconfig/apollo/pull/4311,,/home/azureuser/flaky/projects/75f9950d5e1675dbb0617555c4502685ef4d4618/apollo/apollo-configservice/src/test/java/com/ctrip/framework/apollo/configservice/service/ReleaseMessageServiceWithCacheTest.java,True,/home/azureuser/flaky/IDx2/314c2530f9e9a7fd1815ab16275db98517edae27/goodPatches/apollo/75f9950d5e1675dbb0617555c4502685ef4d4618/apollo-configservice/com.ctrip.framework.apollo.configservice.service.ReleaseMessageServiceWithCacheTest.testWhenReleaseMsgSizeBiggerThan500/1.patch,"['0:test failures', 'simple_result_before:test pass', '1:test pass', 'summary:good fix']"
https://github.com/blockchain-jd-com/utils,7f0b301addd9ec6237c2c947cdb629b12831fd43,utils-serialize,test.utils.serialize.JSONSerializeUtilsTest.testJSONString,ID,Opened,https://github.com/blockchain-jd-com/utils/pull/1,,/home/azureuser/flaky/projects/7f0b301addd9ec6237c2c947cdb629b12831fd43/utils/utils-serialize/src/test/java/test/utils/serialize/JSONSerializeUtilsTest.java,True,/home/azureuser/flaky/IDx2/314c2530f9e9a7fd1815ab16275db98517edae27/goodPatches/utils/7f0b301addd9ec6237c2c947cdb629b12831fd43/utils-serialize/test.utils.serialize.JSONSerializeUtilsTest.testJSONString/2.patch,"['0:test failures', 'simple_result_before:COMPILATION ERROR', '1:COMPILATION ERROR', '2:test pass', 'summary:good fix']"
https://github.com/seata/seata,d334f85395887193f72fa57daea906a73a2da34e,common,io.seata.common.util.CollectionUtilsTest.encodeMap,ID,Accepted,https://github.com/seata/seata/pull/1802,,/home/azureuser/flaky/projects/d334f85395887193f72fa57daea906a73a2da34e/seata/common/src/test/java/io/seata/common/util/CollectionUtilsTest.java,,,"['0:test pass', 'original test not flaky']"
https://github.com/dropwizard/dropwizard,07dfaed697427e208d65049f80a5d1949833b7cd,dropwizard-e2e,com.example.app1.App1Test.customJsonProvider,ID,Accepted,https://github.com/dropwizard/dropwizard/pull/3103,,/home/azureuser/flaky/projects/07dfaed697427e208d65049f80a5d1949833b7cd/dropwizard/dropwizard-e2e/src/test/java/com/example/app1/App1Test.java,,,"['0:BUILD FAILURE', 'original test not compilable, or build failure, or incorrect test name']"
https://github.com/rest-assured/rest-assured,d3602d9a24e3bfef0c7367fe3c6f589b4147f0e7,modules/spring-web-test-client,io.restassured.module.webtestclient.LoggingIfValidationFailsTest.logging_of_both_request_and_response_validation_works_when_test_fails,ID,Accepted,https://github.com/rest-assured/rest-assured/pull/1277,,/home/azureuser/flaky/projects/d3602d9a24e3bfef0c7367fe3c6f589b4147f0e7/rest-assured/modules/spring-web-test-client/src/test/java/io/restassured/module/webtestclient/LoggingIfValidationFailsTest.java,,,"['0:test pass', 'original test not flaky']"
https://github.com/apache/helix,917b786e4da9a615c5177f27256e170feae2298f,helix-rest,org.apache.helix.rest.server.json.cluster.TestClusterInfo.whenSerializingClusterInfo,ID,Accepted,https://github.com/apache/helix/pull/2297,,/home/azureuser/flaky/projects/917b786e4da9a615c5177f27256e170feae2298f/helix/helix-rest/src/test/java/org/apache/helix/rest/server/json/cluster/TestClusterInfo.java,,,"['0:test pass', 'original test not flaky']"
https://github.com/apache/incubator-shardingsphere,038232e9b2f7fb22ccf50c04b74fb900732b345d,sharding-core/sharding-core-common,org.apache.shardingsphere.core.metadata.datasource.ShardingSphereDataSourceMetaDataTest.assertGetAllInstanceDataSourceNamesForShardingRule,ID,Accepted,https://github.com/apache/incubator-shardingsphere/pull/3164,,/home/azureuser/flaky/projects/038232e9b2f7fb22ccf50c04b74fb900732b345d/incubator-shardingsphere/sharding-core/sharding-core-common/src/test/java/org/apache/shardingsphere/core/metadata/datasource/ShardingSphereDataSourceMetaDataTest.java,,,"['0:test pass', 'original test not flaky']"
https://github.com/FasterXML/jackson-module-afterburner,bbe4e76330dee1c03d9cda576b9c37becb1f23a8,.,com.fasterxml.jackson.module.afterburner.ser.TestInclusionAnnotations.testIncludeUsingAnnotation,ID,RepoArchived,,,/home/azureuser/flaky/projects/bbe4e76330dee1c03d9cda576b9c37becb1f23a8/jackson-module-afterburner/src/test/java/com/fasterxml/jackson/module/afterburner/ser/TestInclusionAnnotations.java,True,/home/azureuser/flaky/IDx2/314c2530f9e9a7fd1815ab16275db98517edae27/goodPatches/jackson-module-afterburner/bbe4e76330dee1c03d9cda576b9c37becb1f23a8/./com.fasterxml.jackson.module.afterburner.ser.TestInclusionAnnotations.testIncludeUsingAnnotation/1.patch,"['0:test failures', 'simple_result_before:test pass', '1:test pass', 'summary:good fix']"
https://github.com/spring-projects/spring-data-jdbc,a2a5953cda1251a2c3a29be1a92a16916dc0871a,spring-data-jdbc,org.springframework.data.jdbc.core.convert.SqlIdentifierParameterSourceUnitTests.addOtherDatabaseObjectIdentifierParameterSource,ID,InspiredAFix,https://github.com/spring-projects/spring-data-jdbc/pull/1095,,/home/azureuser/flaky/projects/a2a5953cda1251a2c3a29be1a92a16916dc0871a/spring-data-jdbc/spring-data-jdbc/src/test/java/org/springframework/data/jdbc/core/convert/SqlIdentifierParameterSourceUnitTests.java,,,"['0:BUILD FAILURE', 'original test not compilable, or build failure, or incorrect test name']"
https://github.com/jenkinsci/jenkins,d2fa87606246e1f1dc1450d7199778343945197e,core,hudson.util.CopyOnWriteMapTest.hashSerialization,ID,Rejected,https://github.com/jenkinsci/jenkins/pull/5981,,/home/azureuser/flaky/projects/d2fa87606246e1f1dc1450d7199778343945197e/jenkins/core/src/test/java/hudson/util/CopyOnWriteMapTest.java,True,/home/azureuser/flaky/IDx2/314c2530f9e9a7fd1815ab16275db98517edae27/goodPatches/jenkins/d2fa87606246e1f1dc1450d7199778343945197e/core/hudson.util.CopyOnWriteMapTest.hashSerialization/1.patch,"['0:test failures', 'simple_result_before:test pass', '1:test pass', 'summary:good fix']"
https://github.com/Adyen/adyen-java-api-library,6fb5cd049b57a22d2ec4465d204c15f1c90dd325,.,com.adyen.CheckoutTest.TestAchDetailsSerialization,ID,Accepted,https://github.com/Adyen/adyen-java-api-library/pull/681, A previous PR (https://github.com/Adyen/adyen-java-api-library/pull/654) was opened but not accepted because of adding a library,/home/azureuser/flaky/projects/6fb5cd049b57a22d2ec4465d204c15f1c90dd325/adyen-java-api-library/src/test/java/com/adyen/CheckoutTest.java,True,,"['0:test failures', 'simple_result_before:test failures', '1:test failures', '2:test failures', '3:test failures', '4:test failures', '5:test failures', 'summary:test_failures']"
https://github.com/AuthMe/AuthMeReloaded,fcd4a2fad777ab54ac271702225c4a0f19edb186,.,fr.xephi.authme.listener.PlayerListenerTest.shouldHideChatFromUnauthed,ID,Accepted,https://github.com/AuthMe/AuthMeReloaded/pull/2386,,/home/azureuser/flaky/projects/fcd4a2fad777ab54ac271702225c4a0f19edb186/AuthMeReloaded/src/test/java/fr/xephi/authme/listener/PlayerListenerTest.java,True,/home/azureuser/flaky/IDx2/314c2530f9e9a7fd1815ab16275db98517edae27/goodPatches/AuthMeReloaded/fcd4a2fad777ab54ac271702225c4a0f19edb186/./fr.xephi.authme.listener.PlayerListenerTest.shouldHideChatFromUnauthed/1.patch,"['0:test failures', 'simple_result_before:test pass', '1:test pass', 'summary:good fix']"
https://github.com/karatelabs/karate,14807dbf8d7c45f709299574222dd498b1fa5e67,karate-core,com.intuit.karate.JsonUtilsTest.testBeanConversion,ID,Accepted,https://github.com/karatelabs/karate/pull/1829,,/home/azureuser/flaky/projects/14807dbf8d7c45f709299574222dd498b1fa5e67/karate/karate-core/src/test/java/com/intuit/karate/JsonUtilsTest.java,True,,"['0:test failures', 'simple_result_before:test failures', '1:test failures', '2:COMPILATION ERROR', '3:test failures', '4:BUILD FAILURE', '5:COMPILATION ERROR', 'summary:test_failures']"
https://github.com/adobe/captivate-prime-aem-components,87a88b3e9fcd67f22577a5b549e25f8224b4a0c8,core,com.adobe.prime.core.sightly.models.EmbeddableWidgetModelTest.testWidgetConfigs,ID,Opened,https://github.com/adobe/captivate-prime-aem-components/pull/4,,/home/azureuser/flaky/projects/87a88b3e9fcd67f22577a5b549e25f8224b4a0c8/captivate-prime-aem-components/core/src/test/java/com/adobe/prime/core/sightly/models/EmbeddableWidgetModelTest.java,True,/home/azureuser/flaky/IDx2/314c2530f9e9a7fd1815ab16275db98517edae27/goodPatches/captivate-prime-aem-components/87a88b3e9fcd67f22577a5b549e25f8224b4a0c8/core/com.adobe.prime.core.sightly.models.EmbeddableWidgetModelTest.testWidgetConfigs/1.patch,"['0:test failures', 'simple_result_before:test pass', '1:test pass', 'summary:good fix']"
https://github.com/twitter/hraven,e35996b6e2f016bcd18db0bad320be7c93d95208,hraven-core,com.twitter.hraven.TestJsonSerde.testJsonSerializationFlowStatsJobDetails,ID,RepoArchived,,,/home/azureuser/flaky/projects/e35996b6e2f016bcd18db0bad320be7c93d95208/hraven/hraven-core/src/test/java/com/twitter/hraven/TestJsonSerde.java,,,"['0:test pass', 'original test not flaky']"
https://github.com/spring-projects/spring-data-rest,38f2bc4598265890e765a34d18962911916b7ace,spring-data-rest-webmvc,org.springframework.data.rest.webmvc.config.RepositoryRestMvConfigurationIntegrationTests.,ID,DeveloperFixed,,,/home/azureuser/flaky/projects/38f2bc4598265890e765a34d18962911916b7ace/spring-data-rest/spring-data-rest-webmvc/src/test/java/org/springframework/data/rest/webmvc/config/RepositoryRestMvConfigurationIntegrationTests.java,,,"['0:BUILD FAILURE', 'original test not compilable, or build failure, or incorrect test name']"
https://github.com/GoogleCloudPlatform/appengine-plugins-core,2da5cb0ce81e93fc7cdd7ce4d0aa86ddff9cf1b1,.,com.google.cloud.tools.managedcloudsdk.install.InstallerTest.testCall_withOverrideComponents,ID,Accepted,https://github.com/GoogleCloudPlatform/appengine-plugins-core/pull/903,,/home/azureuser/flaky/projects/2da5cb0ce81e93fc7cdd7ce4d0aa86ddff9cf1b1/appengine-plugins-core/src/test/java/com/google/cloud/tools/managedcloudsdk/install/InstallerTest.java,,,"['0:test pass', 'original test not flaky']"
https://github.com/wso2/carbon-apimgt,a82213e40e7e6aa529341fdd1d1c3de776949e64,components/apimgt/org.wso2.carbon.apimgt.rest.api.commons,org.wso2.carbon.apimgt.rest.api.commons.util.RestApiUtilTestCase.testConvertYmlToJson,ID,Skipped,,https://github.com/TestingResearchIllinois/flaky-test-dataset/issues/1,/home/azureuser/flaky/projects/a82213e40e7e6aa529341fdd1d1c3de776949e64/carbon-apimgt/components/apimgt/org.wso2.carbon.apimgt.rest.api.commons/src/test/java/org/wso2/carbon/apimgt/rest/api/commons/util/RestApiUtilTestCase.java,,,"['0:BUILD FAILURE', 'original test not compilable, or build failure, or incorrect test name']"
https://github.com/jenkinsci/remoting,abf0455a68ad6c52a57e912bb89d51f883f77542,.,hudson.remoting.PrefetchingTest.testGetResource,ID,DeveloperFixed,,https://github.com/TestingResearchIllinois/idoft/issues/47,/home/azureuser/flaky/projects/abf0455a68ad6c52a57e912bb89d51f883f77542/remoting/src/test/java/hudson/remoting/PrefetchingTest.java,,,"['0:test pass', 'original test not flaky']"
https://github.com/pedrovgs/Algorithms,ed6f8a49948c09a21bfeb7bc38b4f24141795e38,.,com.github.pedrovgs.problem45.FindNthMostRepeatedElementTest.shouldFindNthMostRepeatedElement,ID,Accepted,https://github.com/pedrovgs/Algorithms/pull/63,,/home/azureuser/flaky/projects/ed6f8a49948c09a21bfeb7bc38b4f24141795e38/Algorithms/src/test/java/com/github/pedrovgs/problem45/FindNthMostRepeatedElementTest.java,True,/home/azureuser/flaky/IDx2/314c2530f9e9a7fd1815ab16275db98517edae27/goodPatches/Algorithms/ed6f8a49948c09a21bfeb7bc38b4f24141795e38/./com.github.pedrovgs.problem45.FindNthMostRepeatedElementTest.shouldFindNthMostRepeatedElement/2.patch,"['0:test failures', 'simple_result_before:COMPILATION ERROR', '1:COMPILATION ERROR', '2:test pass', 'summary:good fix']"
https://github.com/Ericsson/ecchronos,5d58b0e4c922822c9df3d893fff2246d5784b11f,core,com.ericsson.bss.cassandra.ecchronos.core.repair.state.TestRepairStateImpl.testPartiallyRepaired,ID,Accepted,https://github.com/Ericsson/ecchronos/pull/294,,/home/azureuser/flaky/projects/5d58b0e4c922822c9df3d893fff2246d5784b11f/ecchronos/core/src/test/java/com/ericsson/bss/cassandra/ecchronos/core/repair/state/TestRepairStateImpl.java,True,,"['0:test failures', 'simple_result_before:test failures', '1:test failures', '2:test failures', '3:test failures', '4:test failures', '5:COMPILATION ERROR', 'summary:test_failures']"
https://github.com/DataDog/datadog-kafka-connect-logs,e453f0c9efb50f2d7aaf2186ff024b15bca9742b,.,com.datadoghq.connect.logs.sink.DatadogLogsApiWriterTest.writer_readingMultipleTopics_shouldBatchSeparate,ID,Opened,https://github.com/DataDog/datadog-kafka-connect-logs/pull/28,,/home/azureuser/flaky/projects/e453f0c9efb50f2d7aaf2186ff024b15bca9742b/datadog-kafka-connect-logs/src/test/java/com/datadoghq/connect/logs/sink/DatadogLogsApiWriterTest.java,True,/home/azureuser/flaky/IDx2/314c2530f9e9a7fd1815ab16275db98517edae27/goodPatches/datadog-kafka-connect-logs/e453f0c9efb50f2d7aaf2186ff024b15bca9742b/./com.datadoghq.connect.logs.sink.DatadogLogsApiWriterTest.writer_readingMultipleTopics_shouldBatchSeparate/1.patch,"['0:test failures', 'simple_result_before:test pass', '1:test pass', 'summary:good fix']"
https://github.com/graphhopper/graphhopper,e4eddf940bcd0383864d9176741941b9341c8fda,isochrone,com.graphhopper.isochrone.algorithm.ShortestPathTreeTest.testSearch,ID,MovedOrRenamed,,https://github.com/graphhopper/graphhopper/commit/97b5d802465b82feef8e52d1e5cb3d90e8d374e7,/home/azureuser/flaky/projects/e4eddf940bcd0383864d9176741941b9341c8fda/graphhopper/isochrone/src/test/java/com/graphhopper/isochrone/algorithm/ShortestPathTreeTest.java,True,/home/azureuser/flaky/IDx2/314c2530f9e9a7fd1815ab16275db98517edae27/goodPatches/graphhopper/e4eddf940bcd0383864d9176741941b9341c8fda/isochrone/com.graphhopper.isochrone.algorithm.ShortestPathTreeTest.testSearch/1.patch,"['0:test failures', 'simple_result_before:test pass', '1:test pass', 'summary:good fix']"
https://github.com/spring-projects/spring-data-couchbase,8c1a24c61934fff283a540fa830aa516db9a1059,.,org.springframework.data.couchbase.core.mapping.MappingCouchbaseConverterTests.writesAndReadsClassContainingCustomConvertedObjects,ID,Opened,https://github.com/spring-projects/spring-data-couchbase/pull/1253,,/home/azureuser/flaky/projects/8c1a24c61934fff283a540fa830aa516db9a1059/spring-data-couchbase/src/test/java/org/springframework/data/couchbase/core/mapping/MappingCouchbaseConverterTests.java,,,"['0:BUILD FAILURE', 'original test not compilable, or build failure, or incorrect test name']"
https://github.com/abel533/Mapper,1764748eedb2f320a0d1c43cb4f928c4ccb1f2f5,core,tk.mybatis.mapper.annotation.IdTest.testCompositeKeys,ID,Opened,https://github.com/abel533/Mapper/pull/666,,/home/azureuser/flaky/projects/1764748eedb2f320a0d1c43cb4f928c4ccb1f2f5/Mapper/core/src/test/java/tk/mybatis/mapper/annotation/IdTest.java,True,,"['0:test failures', 'simple_result_before:COMPILATION ERROR', '1:COMPILATION ERROR', '2:BUILD FAILURE', '3:COMPILATION ERROR', '4:COMPILATION ERROR', '5:COMPILATION ERROR', 'summary:compilation_error']"
https://github.com/Kong/unirest-java,36e7480d619507b8e96b10645a7ca72c0279832b,unirest,BehaviorTests.DefectTest.nullAndObjectValuesInMap,ID,Accepted,https://github.com/Kong/unirest-java/pull/408,,/home/azureuser/flaky/projects/36e7480d619507b8e96b10645a7ca72c0279832b/unirest-java/unirest/src/test/java/BehaviorTests/DefectTest.java,True,/home/azureuser/flaky/IDx2/314c2530f9e9a7fd1815ab16275db98517edae27/goodPatches/unirest-java/36e7480d619507b8e96b10645a7ca72c0279832b/unirest/BehaviorTests.DefectTest.nullAndObjectValuesInMap/2.patch,"['0:test failures', 'simple_result_before:COMPILATION ERROR', '1:COMPILATION ERROR', '2:test pass', 'summary:good fix']"
https://github.com/Alluxio/alluxio,e6d76803f27133d7700811585f5310470e50e487,core/server/worker,alluxio.worker.block.BlockLockManagerTest.lockAlreadyReadLockedBlock,ID,DeveloperFixed,,https://github.com/Alluxio/alluxio/commit/921a053d0feafc3c831743d1ae996b31d3cc1288,/home/azureuser/flaky/projects/e6d76803f27133d7700811585f5310470e50e487/alluxio/core/server/worker/src/test/java/alluxio/worker/block/BlockLockManagerTest.java,,,"['0:test pass', 'original test not flaky']"
https://github.com/alibaba/fastjson,37ed66bcaa3b0c88c5f3f0b09e6b4029c72c14cd,.,com.alibaba.json.bvt.parser.deser.SqlDateDeserializerTest2.test_sqlDate,ID,Opened,https://github.com/alibaba/fastjson/pull/3523,,/home/azureuser/flaky/projects/37ed66bcaa3b0c88c5f3f0b09e6b4029c72c14cd/fastjson/src/test/java/com/alibaba/json/bvt/parser/deser/SqlDateDeserializerTest2.java,,,"['0:test pass', 'original test not flaky']"
https://github.com/aws/aws-dynamodb-encryption-java,66c679bd705a9dd64b6c05fe2bf71ba5a27e84c1,.,com.amazonaws.services.dynamodbv2.datamodeling.encryption.DynamoDBEncryptorTest.ensureEncryptedAttributesUnmodified,ID,Accepted,https://github.com/aws/aws-dynamodb-encryption-java/pull/274,,/home/azureuser/flaky/projects/66c679bd705a9dd64b6c05fe2bf71ba5a27e84c1/aws-dynamodb-encryption-java/sdk1/src/test/java/com/amazonaws/services/dynamodbv2/datamodeling/encryption/DynamoDBEncryptorTest.java,,,"['0:BUILD FAILURE', 'original test not compilable, or build failure, or incorrect test name']"
https://github.com/OpenAPITools/openapi-generator,bfce822c34144500eb573ab105502c3616d79dc3,modules/openapi-generator,org.openapitools.codegen.java.AbstractJavaCodegenTest.testAdditionalModelTypeAnnotationsMixed,ID,Accepted,https://github.com/OpenAPITools/openapi-generator/pull/10485,,/home/azureuser/flaky/projects/bfce822c34144500eb573ab105502c3616d79dc3/openapi-generator/modules/openapi-generator/src/test/java/org/openapitools/codegen/java/AbstractJavaCodegenTest.java,True,/home/azureuser/flaky/IDx2/314c2530f9e9a7fd1815ab16275db98517edae27/goodPatches/openapi-generator/bfce822c34144500eb573ab105502c3616d79dc3/modules/openapi-generator/org.openapitools.codegen.java.AbstractJavaCodegenTest.testAdditionalModelTypeAnnotationsMixed/5.patch,"['0:test failures', 'simple_result_before:test failures', '1:test failures', '2:test failures', '3:COMPILATION ERROR', '4:COMPILATION ERROR', '5:test pass', 'summary:good fix']"
https://github.com/dropwizard/dropwizard,df39fdeed1d14f7b014a22db59b06bfd4e562edd,dropwizard-health,io.dropwizard.health.response.JsonHealthResponseProviderTest.shouldHandleMultipleHealthStateViewsCorrectly,ID,Accepted,https://github.com/dropwizard/dropwizard/pull/6134,,/home/azureuser/flaky/projects/df39fdeed1d14f7b014a22db59b06bfd4e562edd/dropwizard/dropwizard-health/src/test/java/io/dropwizard/health/response/JsonHealthResponseProviderTest.java,True,/home/azureuser/flaky/IDx2/314c2530f9e9a7fd1815ab16275db98517edae27/goodPatches/dropwizard/df39fdeed1d14f7b014a22db59b06bfd4e562edd/dropwizard-health/io.dropwizard.health.response.JsonHealthResponseProviderTest.shouldHandleMultipleHealthStateViewsCorrectly/1.patch,"['0:test failures', 'simple_result_before:test pass', '1:test pass', 'summary:good fix']"
https://github.com/SAP/fosstars-rating-core,6f37921610ee0d8438b9ec8adc8b02f88a17f992,.,com.sap.oss.phosphor.fosstars.data.artifact.VulnerabilitiesFromOwaspDependencyCheckTest.testVulnerabilitiesAvailable,ID,Accepted,https://github.com/SAP/fosstars-rating-core/pull/823,,/home/azureuser/flaky/projects/6f37921610ee0d8438b9ec8adc8b02f88a17f992/fosstars-rating-core/src/test/java/com/sap/oss/phosphor/fosstars/data/artifact/VulnerabilitiesFromOwaspDependencyCheckTest.java,True,/home/azureuser/flaky/IDx2/314c2530f9e9a7fd1815ab16275db98517edae27/goodPatches/fosstars-rating-core/6f37921610ee0d8438b9ec8adc8b02f88a17f992/./com.sap.oss.phosphor.fosstars.data.artifact.VulnerabilitiesFromOwaspDependencyCheckTest.testVulnerabilitiesAvailable/2.patch,"['0:test failures', 'simple_result_before:test failures', '1:test failures', '2:test pass', 'summary:good fix']"
https://github.com/looly/hutool,c1642522bbf5adc70fb57517e46d5a921d9a5703,hutool-core,cn.hutool.core.util.EnumUtilTest.getFieldNamesTest,ID,Accepted,https://github.com/looly/hutool/pull/1270,,/home/azureuser/flaky/projects/c1642522bbf5adc70fb57517e46d5a921d9a5703/hutool/hutool-core/src/test/java/cn/hutool/core/util/EnumUtilTest.java,,,"['0:test pass', 'original test not flaky']"
