https://github.com/spring-projects/spring-boot,spring-boot,daa3d457b71896a758995c264977bdd1414ee4d4,spring-boot-project/spring-boot-actuator-autoconfigure,org.springframework.boot.actuate.autoconfigure.cloudfoundry.servlet.CloudFoundryMvcWebEndpointIntegrationTests.linksToOtherEndpointsForbidden,org.springframework.boot.actuate.autoconfigure.cloudfoundry.servlet.CloudFoundryMvcWebEndpointIntegrationTests.linksToOtherEndpointsWithFullAccess,OD-Vic,,,,od_cl_projects/daa3d457b71896a758995c264977bdd1414ee4d4/spring-boot/spring-boot-project/spring-boot-actuator-autoconfigure/src/test/java/org/springframework/boot/actuate/autoconfigure/cloudfoundry/servlet/CloudFoundryMvcWebEndpointIntegrationTests.java,od_cl_projects/daa3d457b71896a758995c264977bdd1414ee4d4/spring-boot/spring-boot-project/spring-boot-actuator-autoconfigure/src/test/java/org/springframework/boot/actuate/autoconfigure/cloudfoundry/servlet/CloudFoundryMvcWebEndpointIntegrationTests.java,,,"['0:test failures', NameError(""name 'victim' is not defined"")]"
https://github.com/spring-projects/spring-boot,spring-boot,daa3d457b71896a758995c264977bdd1414ee4d4,spring-boot-project/spring-boot-actuator-autoconfigure,org.springframework.boot.actuate.autoconfigure.cloudfoundry.servlet.CloudFoundryMvcWebEndpointIntegrationTests.operationWithSecurityInterceptorSuccess,org.springframework.boot.actuate.autoconfigure.cloudfoundry.servlet.CloudFoundryMvcWebEndpointIntegrationTests.linksToOtherEndpointsWithRestrictedAccess,OD-Vic,,,,od_cl_projects/daa3d457b71896a758995c264977bdd1414ee4d4/spring-boot/spring-boot-project/spring-boot-actuator-autoconfigure/src/test/java/org/springframework/boot/actuate/autoconfigure/cloudfoundry/servlet/CloudFoundryMvcWebEndpointIntegrationTests.java,od_cl_projects/daa3d457b71896a758995c264977bdd1414ee4d4/spring-boot/spring-boot-project/spring-boot-actuator-autoconfigure/src/test/java/org/springframework/boot/actuate/autoconfigure/cloudfoundry/servlet/CloudFoundryMvcWebEndpointIntegrationTests.java,,,"['0:test pass', 'original test not flaky']"
https://github.com/spring-projects/spring-boot,spring-boot,daa3d457b71896a758995c264977bdd1414ee4d4,spring-boot-project/spring-boot-actuator-autoconfigure,org.springframework.boot.actuate.autoconfigure.cloudfoundry.servlet.CloudFoundryMvcWebEndpointIntegrationTests.responseToOptionsRequestIncludesCorsHeaders,org.springframework.boot.actuate.autoconfigure.cloudfoundry.servlet.CloudFoundryMvcWebEndpointIntegrationTests.operationWithSecurityInterceptorForbidden,OD-Vic,,,,od_cl_projects/daa3d457b71896a758995c264977bdd1414ee4d4/spring-boot/spring-boot-project/spring-boot-actuator-autoconfigure/src/test/java/org/springframework/boot/actuate/autoconfigure/cloudfoundry/servlet/CloudFoundryMvcWebEndpointIntegrationTests.java,od_cl_projects/daa3d457b71896a758995c264977bdd1414ee4d4/spring-boot/spring-boot-project/spring-boot-actuator-autoconfigure/src/test/java/org/springframework/boot/actuate/autoconfigure/cloudfoundry/servlet/CloudFoundryMvcWebEndpointIntegrationTests.java,,,"['0:test pass', 'original test not flaky']"
https://github.com/spring-projects/spring-boot,spring-boot,daa3d457b71896a758995c264977bdd1414ee4d4,spring-boot-project/spring-boot-actuator-autoconfigure,org.springframework.boot.actuate.autoconfigure.cloudfoundry.servlet.CloudFoundryMvcWebEndpointIntegrationTests.linksToOtherEndpointsWithFullAccess,org.springframework.boot.actuate.autoconfigure.cloudfoundry.servlet.CloudFoundryMvcWebEndpointIntegrationTests.operationWithSecurityInterceptorSuccess,OD-Vic,,,,od_cl_projects/daa3d457b71896a758995c264977bdd1414ee4d4/spring-boot/spring-boot-project/spring-boot-actuator-autoconfigure/src/test/java/org/springframework/boot/actuate/autoconfigure/cloudfoundry/servlet/CloudFoundryMvcWebEndpointIntegrationTests.java,od_cl_projects/daa3d457b71896a758995c264977bdd1414ee4d4/spring-boot/spring-boot-project/spring-boot-actuator-autoconfigure/src/test/java/org/springframework/boot/actuate/autoconfigure/cloudfoundry/servlet/CloudFoundryMvcWebEndpointIntegrationTests.java,,,"['0:test pass', 'original test not flaky']"
https://github.com/tbsalling/aismessages,aismessages,7b0c4c708b6bb9a6da3d5737bcad1857ade8a931,.,dk.tbsalling.aismessages.nmea.NMEAMessageHandlerTest.canFlushUnhandled,dk.tbsalling.aismessages.nmea.NMEAMessageHandlerTest.canHandleFragmentedMessageReceived,OD-Vic,Accepted,https://github.com/tbsalling/aismessages/pull/41,,od_cl_projects/7b0c4c708b6bb9a6da3d5737bcad1857ade8a931/aismessages/src/test/java/dk/tbsalling/aismessages/nmea/NMEAMessageHandlerTest.java,od_cl_projects/7b0c4c708b6bb9a6da3d5737bcad1857ade8a931/aismessages/src/test/java/dk/tbsalling/aismessages/nmea/NMEAMessageHandlerTest.java,True,,"['0:test failures', '1:test failures', '2:COMPILATION ERROR', '3:COMPILATION ERROR', '4:COMPILATION ERROR', '5:COMPILATION ERROR', 'summary:test_failures']"
https://github.com/tbsalling/aismessages,aismessages,7b0c4c708b6bb9a6da3d5737bcad1857ade8a931,.,dk.tbsalling.aismessages.nmea.NMEAMessageHandlerTest.canFlushUnhandled,dk.tbsalling.aismessages.nmea.NMEAMessageHandlerTest.canHandleUnfragmentedMessageReceived,OD-Vic,Accepted,https://github.com/tbsalling/aismessages/pull/41,,od_cl_projects/7b0c4c708b6bb9a6da3d5737bcad1857ade8a931/aismessages/src/test/java/dk/tbsalling/aismessages/nmea/NMEAMessageHandlerTest.java,od_cl_projects/7b0c4c708b6bb9a6da3d5737bcad1857ade8a931/aismessages/src/test/java/dk/tbsalling/aismessages/nmea/NMEAMessageHandlerTest.java,True,,"['0:test failures', '1:test failures', '2:test failures', '3:COMPILATION ERROR', '4:COMPILATION ERROR', '5:COMPILATION ERROR', 'summary:test_failures']"
https://github.com/Thomas-S-B/visualee,visualee,88732d9dbe5031dad9c9f85a4c4b35e5f1551f95,.,de.strullerbaumann.visualee.filter.boundary.FilterContainerTest.testIsOkExcludeTrue,de.strullerbaumann.visualee.filter.boundary.FilterContainerTest.testIsOkExcludeFalse,OD,Opened,https://github.com/Thomas-S-B/visualee/pull/8,https://github.com/TestingResearchIllinois/flaky-test-dataset/issues/100,od_cl_projects/88732d9dbe5031dad9c9f85a4c4b35e5f1551f95/visualee/src/test/java/de/strullerbaumann/visualee/filter/boundary/FilterContainerTest.java,od_cl_projects/88732d9dbe5031dad9c9f85a4c4b35e5f1551f95/visualee/src/test/java/de/strullerbaumann/visualee/filter/boundary/FilterContainerTest.java,True,/home/azureuser/flaky/OD80/f3bd4f58b5d88d3d57944602b6bd539e757fe21c/goodPatches/visualee/88732d9dbe5031dad9c9f85a4c4b35e5f1551f95/./de.strullerbaumann.visualee.filter.boundary.FilterContainerTest.testIsOkExcludeFalse/1.patch,"['0:test failures', '1:test pass', 'summary:good fix']"
https://github.com/Thomas-S-B/visualee,visualee,88732d9dbe5031dad9c9f85a4c4b35e5f1551f95,.,de.strullerbaumann.visualee.filter.boundary.FilterContainerTest.testIsOkIncludeFalse,de.strullerbaumann.visualee.filter.boundary.FilterContainerTest.testIsOkIncludeTrue,OD,Opened,https://github.com/Thomas-S-B/visualee/pull/8,https://github.com/TestingResearchIllinois/flaky-test-dataset/issues/100,od_cl_projects/88732d9dbe5031dad9c9f85a4c4b35e5f1551f95/visualee/src/test/java/de/strullerbaumann/visualee/filter/boundary/FilterContainerTest.java,od_cl_projects/88732d9dbe5031dad9c9f85a4c4b35e5f1551f95/visualee/src/test/java/de/strullerbaumann/visualee/filter/boundary/FilterContainerTest.java,,,"['0:COMPILATION ERROR', 'original test not compilable, or build failure, or incorrect test name']"
https://github.com/Thomas-S-B/visualee,visualee,88732d9dbe5031dad9c9f85a4c4b35e5f1551f95,.,de.strullerbaumann.visualee.filter.entity.ClassFilterTest.testIsOkExcludeTrue,de.strullerbaumann.visualee.filter.entity.ClassFilterTest.testIsOkExcludeFalse,OD,Opened,https://github.com/Thomas-S-B/visualee/pull/8,https://github.com/TestingResearchIllinois/flaky-test-dataset/issues/100,od_cl_projects/88732d9dbe5031dad9c9f85a4c4b35e5f1551f95/visualee/src/test/java/de/strullerbaumann/visualee/filter/entity/ClassFilterTest.java,od_cl_projects/88732d9dbe5031dad9c9f85a4c4b35e5f1551f95/visualee/src/test/java/de/strullerbaumann/visualee/filter/entity/ClassFilterTest.java,True,/home/azureuser/flaky/OD80/f3bd4f58b5d88d3d57944602b6bd539e757fe21c/goodPatches/visualee/88732d9dbe5031dad9c9f85a4c4b35e5f1551f95/./de.strullerbaumann.visualee.filter.entity.ClassFilterTest.testIsOkExcludeFalse/3.patch,"['0:test failures', '1:COMPILATION ERROR', '2:test failures', '3:test pass', 'summary:good fix']"
https://github.com/Thomas-S-B/visualee,visualee,88732d9dbe5031dad9c9f85a4c4b35e5f1551f95,.,de.strullerbaumann.visualee.filter.entity.ClassFilterTest.testIsOkIncludeFalse,de.strullerbaumann.visualee.filter.entity.ClassFilterTest.testIsOkIncludeTrue,OD,Opened,https://github.com/Thomas-S-B/visualee/pull/8,https://github.com/TestingResearchIllinois/flaky-test-dataset/issues/100,od_cl_projects/88732d9dbe5031dad9c9f85a4c4b35e5f1551f95/visualee/src/test/java/de/strullerbaumann/visualee/filter/entity/ClassFilterTest.java,od_cl_projects/88732d9dbe5031dad9c9f85a4c4b35e5f1551f95/visualee/src/test/java/de/strullerbaumann/visualee/filter/entity/ClassFilterTest.java,True,/home/azureuser/flaky/OD80/f3bd4f58b5d88d3d57944602b6bd539e757fe21c/goodPatches/visualee/88732d9dbe5031dad9c9f85a4c4b35e5f1551f95/./de.strullerbaumann.visualee.filter.entity.ClassFilterTest.testIsOkIncludeTrue/1.patch,"['0:test failures', '1:test pass', 'summary:good fix']"
https://github.com/Thomas-S-B/visualee,visualee,88732d9dbe5031dad9c9f85a4c4b35e5f1551f95,.,de.strullerbaumann.visualee.filter.entity.PackageFilterTest.testIsOkExcludeTrue,de.strullerbaumann.visualee.filter.entity.PackageFilterTest.testIsOkExcludeFalse,OD,Opened,https://github.com/Thomas-S-B/visualee/pull/8,https://github.com/TestingResearchIllinois/flaky-test-dataset/issues/100,od_cl_projects/88732d9dbe5031dad9c9f85a4c4b35e5f1551f95/visualee/src/test/java/de/strullerbaumann/visualee/filter/entity/PackageFilterTest.java,od_cl_projects/88732d9dbe5031dad9c9f85a4c4b35e5f1551f95/visualee/src/test/java/de/strullerbaumann/visualee/filter/entity/PackageFilterTest.java,True,/home/azureuser/flaky/OD80/f3bd4f58b5d88d3d57944602b6bd539e757fe21c/goodPatches/visualee/88732d9dbe5031dad9c9f85a4c4b35e5f1551f95/./de.strullerbaumann.visualee.filter.entity.PackageFilterTest.testIsOkExcludeFalse/1.patch,"['0:test failures', '1:test pass', 'summary:good fix']"
https://github.com/Thomas-S-B/visualee,visualee,88732d9dbe5031dad9c9f85a4c4b35e5f1551f95,.,de.strullerbaumann.visualee.filter.entity.PackageFilterTest.testIsOkIncludeFalse,de.strullerbaumann.visualee.filter.entity.PackageFilterTest.testIsOkIncludeTrue,OD,Opened,https://github.com/Thomas-S-B/visualee/pull/8,https://github.com/TestingResearchIllinois/flaky-test-dataset/issues/100,od_cl_projects/88732d9dbe5031dad9c9f85a4c4b35e5f1551f95/visualee/src/test/java/de/strullerbaumann/visualee/filter/entity/PackageFilterTest.java,od_cl_projects/88732d9dbe5031dad9c9f85a4c4b35e5f1551f95/visualee/src/test/java/de/strullerbaumann/visualee/filter/entity/PackageFilterTest.java,True,/home/azureuser/flaky/OD80/f3bd4f58b5d88d3d57944602b6bd539e757fe21c/goodPatches/visualee/88732d9dbe5031dad9c9f85a4c4b35e5f1551f95/./de.strullerbaumann.visualee.filter.entity.PackageFilterTest.testIsOkIncludeTrue/1.patch,"['0:test failures', '1:test pass', 'summary:good fix']"
https://github.com/Thomas-S-B/visualee,visualee,88732d9dbe5031dad9c9f85a4c4b35e5f1551f95,.,de.strullerbaumann.visualee.filter.entity.SourcecodeFilterTest.testIsOkIncludeFalse,de.strullerbaumann.visualee.filter.entity.SourcecodeFilterTest.testIsOkExcludeFalse,OD,Opened,https://github.com/Thomas-S-B/visualee/pull/8,https://github.com/TestingResearchIllinois/flaky-test-dataset/issues/100,od_cl_projects/88732d9dbe5031dad9c9f85a4c4b35e5f1551f95/visualee/src/test/java/de/strullerbaumann/visualee/filter/entity/SourcecodeFilterTest.java,od_cl_projects/88732d9dbe5031dad9c9f85a4c4b35e5f1551f95/visualee/src/test/java/de/strullerbaumann/visualee/filter/entity/SourcecodeFilterTest.java,True,/home/azureuser/flaky/OD80/f3bd4f58b5d88d3d57944602b6bd539e757fe21c/goodPatches/visualee/88732d9dbe5031dad9c9f85a4c4b35e5f1551f95/./de.strullerbaumann.visualee.filter.entity.SourcecodeFilterTest.testIsOkExcludeFalse/1.patch,"['0:test failures', '1:test pass', 'summary:good fix']"
https://github.com/Thomas-S-B/visualee,visualee,88732d9dbe5031dad9c9f85a4c4b35e5f1551f95,.,de.strullerbaumann.visualee.filter.entity.SourcecodeFilterTest.testIsOkIncludeFalse,de.strullerbaumann.visualee.filter.entity.SourcecodeFilterTest.testIsOkIncludeTrue,OD,Opened,https://github.com/Thomas-S-B/visualee/pull/8,https://github.com/TestingResearchIllinois/flaky-test-dataset/issues/100,od_cl_projects/88732d9dbe5031dad9c9f85a4c4b35e5f1551f95/visualee/src/test/java/de/strullerbaumann/visualee/filter/entity/SourcecodeFilterTest.java,od_cl_projects/88732d9dbe5031dad9c9f85a4c4b35e5f1551f95/visualee/src/test/java/de/strullerbaumann/visualee/filter/entity/SourcecodeFilterTest.java,,,"['0:COMPILATION ERROR', 'original test not compilable, or build failure, or incorrect test name']"
https://github.com/tools4j/unix4j,unix4j,367da7d262e682a08577cdf19ebbbdd8a46870fe,unix4j-core/unix4j-command,org.unix4j.unix.FindFileTimeDependentTest.find_fileCreatedAfterTime,org.unix4j.unix.FindFileTimeDependentTest.find_fileCreatedBeforeNow,OD-Vic,Opened,https://github.com/tools4j/unix4j/pull/77,,od_cl_projects/367da7d262e682a08577cdf19ebbbdd8a46870fe/unix4j/unix4j-core/unix4j-command/src/test/java/org/unix4j/unix/FindFileTimeDependentTest.java,od_cl_projects/367da7d262e682a08577cdf19ebbbdd8a46870fe/unix4j/unix4j-core/unix4j-command/src/test/java/org/unix4j/unix/FindFileTimeDependentTest.java,True,/home/azureuser/flaky/OD80/f3bd4f58b5d88d3d57944602b6bd539e757fe21c/goodPatches/unix4j/367da7d262e682a08577cdf19ebbbdd8a46870fe/unix4j-core/unix4j-command/org.unix4j.unix.FindFileTimeDependentTest.find_fileCreatedBeforeNow/1.patch,"['0:test failures', '1:test pass', 'summary:good fix']"
https://github.com/undertow-io/undertow,undertow,d0efffad5d2034bb07525cac9b299dac72c3045d,websockets-jsr,io.undertow.websockets.jsr.test.annotated.AnnotatedEndpointTest.testErrorHandling,io.undertow.websockets.jsr.test.annotated.AnnotatedEndpointTest.testCloseReason,OD-Vic,Accepted,https://github.com/undertow-io/undertow/pull/684,,od_cl_projects/d0efffad5d2034bb07525cac9b299dac72c3045d/undertow/websockets-jsr/src/test/java/io/undertow/websockets/jsr/test/annotated/AnnotatedEndpointTest.java,od_cl_projects/d0efffad5d2034bb07525cac9b299dac72c3045d/undertow/websockets-jsr/src/test/java/io/undertow/websockets/jsr/test/annotated/AnnotatedEndpointTest.java,True,/home/azureuser/flaky/OD80/f3bd4f58b5d88d3d57944602b6bd539e757fe21c/goodPatches/undertow/d0efffad5d2034bb07525cac9b299dac72c3045d/websockets-jsr/io.undertow.websockets.jsr.test.annotated.AnnotatedEndpointTest.testCloseReason/2.patch,"['0:test failures', '1:test failures', '2:test pass', 'summary:good fix']"
https://github.com/vaadin/flow,flow,26aacd3cdf51c7e0a18ae21318d366ce7f91be8a,flow-polymer-template,com.vaadin.flow.component.polymertemplate.NpmTemplateParserTest.hierarchicalTemplate_templateHasChild_childHasCorrectPosition,com.vaadin.flow.component.polymertemplate.NpmTemplateParserTest.should_FindCorrectDataInStats,OD,,,https://github.com/TestingResearchIllinois/flaky-test-dataset/issues/41,od_cl_projects/26aacd3cdf51c7e0a18ae21318d366ce7f91be8a/flow/flow-polymer-template/src/test/java/com/vaadin/flow/component/polymertemplate/NpmTemplateParserTest.java,od_cl_projects/26aacd3cdf51c7e0a18ae21318d366ce7f91be8a/flow/flow-polymer-template/src/test/java/com/vaadin/flow/component/polymertemplate/NpmTemplateParserTest.java,True,,"['0:test failures', '1:test failures', '2:test failures', '3:test failures', '4:COMPILATION ERROR', '5:test failures', 'summary:test_failures']"
https://github.com/vmware/admiral,admiral,e4b02936cc7d4ff2714e7231db0c4373ba5d48a2,request,com.vmware.admiral.request.kubernetes.RequestBrokerKubernetesServiceTest.testRequestLifeCycleOnSpecificGroupPlacement,com.vmware.admiral.request.kubernetes.RequestBrokerKubernetesServiceTest.testRequestStateHasK8sInfo,NIO;OD-Vic,Opened,https://github.com/vmware/admiral/pull/327,RepoArchived,od_cl_projects/e4b02936cc7d4ff2714e7231db0c4373ba5d48a2/admiral/request/src/test/java/com/vmware/admiral/request/kubernetes/RequestBrokerKubernetesServiceTest.java,od_cl_projects/e4b02936cc7d4ff2714e7231db0c4373ba5d48a2/admiral/request/src/test/java/com/vmware/admiral/request/kubernetes/RequestBrokerKubernetesServiceTest.java,True,,"['0:test failures', '1:test failures', '2:test failures', '3:test failures', '4:test failures', '5:test failures', 'summary:test_failures']"
https://github.com/wikidata/wikidata-toolkit,wikidata-toolkit,20de6f7f12319f54eb962ff6e8357b3f5695d54d,wdtk-util,org.wikidata.wdtk.util.DirectoryManagerFactoryTest.createDirectoryManagerNoConstructor,org.wikidata.wdtk.util.DirectoryManagerFactoryTest.createDefaultDirectoryManagerPath,OD-Vic,Accepted,https://github.com/Wikidata/Wikidata-Toolkit/pull/485,,od_cl_projects/20de6f7f12319f54eb962ff6e8357b3f5695d54d/wikidata-toolkit/wdtk-util/src/test/java/org/wikidata/wdtk/util/DirectoryManagerFactoryTest.java,od_cl_projects/20de6f7f12319f54eb962ff6e8357b3f5695d54d/wikidata-toolkit/wdtk-util/src/test/java/org/wikidata/wdtk/util/DirectoryManagerFactoryTest.java,True,/home/azureuser/flaky/OD80/f3bd4f58b5d88d3d57944602b6bd539e757fe21c/goodPatches/wikidata-toolkit/20de6f7f12319f54eb962ff6e8357b3f5695d54d/wdtk-util/org.wikidata.wdtk.util.DirectoryManagerFactoryTest.createDefaultDirectoryManagerPath/1.patch,"['0:test failures', '1:test pass', 'summary:good fix']"
https://github.com/wikidata/wikidata-toolkit,wikidata-toolkit,20de6f7f12319f54eb962ff6e8357b3f5695d54d,wdtk-util,org.wikidata.wdtk.util.DirectoryManagerFactoryTest.createDirectoryManagerNoConstructor,org.wikidata.wdtk.util.DirectoryManagerFactoryTest.createDirectoryManagerIoException,OD-Vic,Accepted,https://github.com/Wikidata/Wikidata-Toolkit/pull/485,,od_cl_projects/20de6f7f12319f54eb962ff6e8357b3f5695d54d/wikidata-toolkit/wdtk-util/src/test/java/org/wikidata/wdtk/util/DirectoryManagerFactoryTest.java,od_cl_projects/20de6f7f12319f54eb962ff6e8357b3f5695d54d/wikidata-toolkit/wdtk-util/src/test/java/org/wikidata/wdtk/util/DirectoryManagerFactoryTest.java,True,,"['0:test failures', '1:test failures', '2:test failures', '3:test failures', '4:test failures', '5:test failures', 'summary:test_failures']"
https://github.com/winder/Universal-G-Code-Sender,Universal-G-Code-Sender,4426f71c900ddd4a1eeb3957f3275cedc6312534,ugs-platform/ugs-platform-plugin-cloud-storage,com.willwinder.ugs.nbp.S3FileSystemViewTest.testUploadDownloadFile,com.willwinder.ugs.nbp.S3FileSystemViewTest.testGetFiles,OD,,,https://github.com/TestingResearchIllinois/flaky-test-dataset/issues/87,od_cl_projects/4426f71c900ddd4a1eeb3957f3275cedc6312534/Universal-G-Code-Sender/ugs-platform/ugs-platform-plugin-cloud-storage/src/test/java/com/willwinder/ugs/nbp/S3FileSystemViewTest.java,od_cl_projects/4426f71c900ddd4a1eeb3957f3275cedc6312534/Universal-G-Code-Sender/ugs-platform/ugs-platform-plugin-cloud-storage/src/test/java/com/willwinder/ugs/nbp/S3FileSystemViewTest.java,True,,"['0:test failures', '1:COMPILATION ERROR', '2:COMPILATION ERROR', '3:COMPILATION ERROR', '4:COMPILATION ERROR', '5:COMPILATION ERROR', 'summary:compilation_error']"
https://github.com/Activiti/Activiti,Activiti,b11f757a48600e53aaf3fcb7a3ba1ece6c463cb4,activiti-spring-boot-starter,org.activiti.spring.boot.tasks.TaskRuntimeTaskForOtherTest.aCreateStandaloneTaskWithNoCandidates,org.activiti.spring.boot.tasks.TaskRuntimeCompleteTaskTest.aCreateStandaloneTaskAndComplete,OD-Vic,Deleted,,https://github.com/TestingResearchIllinois/flaky-test-dataset/issues/111,od_cl_projects/b11f757a48600e53aaf3fcb7a3ba1ece6c463cb4/Activiti/activiti-spring-boot-starter/src/test/java/org/activiti/spring/boot/tasks/TaskRuntimeTaskForOtherTest.java,od_cl_projects/b11f757a48600e53aaf3fcb7a3ba1ece6c463cb4/Activiti/activiti-spring-boot-starter/src/test/java/org/activiti/spring/boot/tasks/TaskRuntimeCompleteTaskTest.java,True,,"['0:test failures', '1:test failures', '2:COMPILATION ERROR', '3:test failures', '4:COMPILATION ERROR', '5:test failures', 'summary:test_failures']"
https://github.com/Activiti/Activiti,Activiti,b11f757a48600e53aaf3fcb7a3ba1ece6c463cb4,activiti-spring-boot-starter,org.activiti.spring.boot.tasks.TaskRuntimeTaskForOtherTest.aCreateStandaloneTaskWithNoCandidates,org.activiti.spring.boot.tasks.TaskRuntimeCompleteTaskTest.bCreateStandaloneTask,NIO;OD-Vic,Deleted,,https://github.com/TestingResearchIllinois/flaky-test-dataset/issues/111,od_cl_projects/b11f757a48600e53aaf3fcb7a3ba1ece6c463cb4/Activiti/activiti-spring-boot-starter/src/test/java/org/activiti/spring/boot/tasks/TaskRuntimeTaskForOtherTest.java,od_cl_projects/b11f757a48600e53aaf3fcb7a3ba1ece6c463cb4/Activiti/activiti-spring-boot-starter/src/test/java/org/activiti/spring/boot/tasks/TaskRuntimeCompleteTaskTest.java,True,,"['0:test failures', '1:test failures', '2:COMPILATION ERROR', '3:test failures', '4:COMPILATION ERROR', '5:COMPILATION ERROR', 'summary:test_failures']"
https://github.com/Activiti/Activiti,Activiti,b11f757a48600e53aaf3fcb7a3ba1ece6c463cb4,activiti-spring-boot-starter,org.activiti.spring.boot.tasks.TaskRuntimeUnAuthorizedTest.aCreateStandaloneTaskForGroup,org.activiti.spring.boot.tasks.TaskRuntimeDeleteTaskTest.cCreateStandaloneGroupTaskClaimAndDeleteFail,NIO;OD-Vic,Deleted,,https://github.com/TestingResearchIllinois/flaky-test-dataset/issues/111,od_cl_projects/b11f757a48600e53aaf3fcb7a3ba1ece6c463cb4/Activiti/activiti-spring-boot-starter/src/test/java/org/activiti/spring/boot/tasks/TaskRuntimeUnAuthorizedTest.java,od_cl_projects/b11f757a48600e53aaf3fcb7a3ba1ece6c463cb4/Activiti/activiti-spring-boot-starter/src/test/java/org/activiti/spring/boot/tasks/TaskRuntimeDeleteTaskTest.java,True,,"['0:test failures', '1:test failures', '2:test failures', '3:test failures', '4:test failures', '5:test failures', 'summary:test_failures']"
https://github.com/Activiti/Activiti,Activiti,b11f757a48600e53aaf3fcb7a3ba1ece6c463cb4,activiti-spring-boot-starter,org.activiti.spring.boot.tasks.TaskRuntimeTaskAssigneeTest.aCreateStandaloneTaskForAnotherAssignee,org.activiti.spring.boot.tasks.TaskRuntimeStandaloneTaskTest.aCreateStandaloneTaskForSalaboy,OD-Vic,Deleted,,https://github.com/TestingResearchIllinois/flaky-test-dataset/issues/111,od_cl_projects/b11f757a48600e53aaf3fcb7a3ba1ece6c463cb4/Activiti/activiti-spring-boot-starter/src/test/java/org/activiti/spring/boot/tasks/TaskRuntimeTaskAssigneeTest.java,od_cl_projects/b11f757a48600e53aaf3fcb7a3ba1ece6c463cb4/Activiti/activiti-spring-boot-starter/src/test/java/org/activiti/spring/boot/tasks/TaskRuntimeStandaloneTaskTest.java,True,/home/azureuser/flaky/OD80/f3bd4f58b5d88d3d57944602b6bd539e757fe21c/goodPatches/Activiti/b11f757a48600e53aaf3fcb7a3ba1ece6c463cb4/activiti-spring-boot-starter/org.activiti.spring.boot.tasks.TaskRuntimeStandaloneTaskTest.aCreateStandaloneTaskForSalaboy/5.patch,"['0:test failures', '1:COMPILATION ERROR', '2:test failures', '3:COMPILATION ERROR', '4:test failures', '5:test pass', 'summary:good fix']"
https://github.com/Activiti/Activiti,Activiti,b11f757a48600e53aaf3fcb7a3ba1ece6c463cb4,activiti-spring-boot-starter,org.activiti.spring.boot.tasks.TaskRuntimeTaskAssigneeTest.cCreateStandaloneTaskForGroupAndClaim,org.activiti.spring.boot.tasks.TaskRuntimeStandaloneTaskTest.bCreateStandaloneTaskForGroup,OD-Vic,Deleted,,https://github.com/TestingResearchIllinois/flaky-test-dataset/issues/111,od_cl_projects/b11f757a48600e53aaf3fcb7a3ba1ece6c463cb4/Activiti/activiti-spring-boot-starter/src/test/java/org/activiti/spring/boot/tasks/TaskRuntimeTaskAssigneeTest.java,od_cl_projects/b11f757a48600e53aaf3fcb7a3ba1ece6c463cb4/Activiti/activiti-spring-boot-starter/src/test/java/org/activiti/spring/boot/tasks/TaskRuntimeStandaloneTaskTest.java,True,/home/azureuser/flaky/OD80/f3bd4f58b5d88d3d57944602b6bd539e757fe21c/goodPatches/Activiti/b11f757a48600e53aaf3fcb7a3ba1ece6c463cb4/activiti-spring-boot-starter/org.activiti.spring.boot.tasks.TaskRuntimeStandaloneTaskTest.bCreateStandaloneTaskForGroup/1.patch,"['0:test failures', '1:test pass', 'summary:good fix']"
https://github.com/Activiti/Activiti,Activiti,b11f757a48600e53aaf3fcb7a3ba1ece6c463cb4,activiti-spring-boot-starter,org.activiti.spring.boot.tasks.TaskRuntimeDeleteTaskTest.cCreateStandaloneGroupTaskClaimAndDeleteFail,org.activiti.spring.boot.tasks.TaskRuntimeTaskAssigneeTest.cCreateStandaloneTaskForGroupAndClaim,NIO;OD-Vic,Deleted,,https://github.com/TestingResearchIllinois/flaky-test-dataset/issues/111,od_cl_projects/b11f757a48600e53aaf3fcb7a3ba1ece6c463cb4/Activiti/activiti-spring-boot-starter/src/test/java/org/activiti/spring/boot/tasks/TaskRuntimeDeleteTaskTest.java,od_cl_projects/b11f757a48600e53aaf3fcb7a3ba1ece6c463cb4/Activiti/activiti-spring-boot-starter/src/test/java/org/activiti/spring/boot/tasks/TaskRuntimeTaskAssigneeTest.java,True,,"['0:test failures', '1:test failures', '2:test failures', '3:test failures', '4:test failures', '5:test failures', 'summary:test_failures']"
https://github.com/Activiti/Activiti,Activiti,b11f757a48600e53aaf3fcb7a3ba1ece6c463cb4,activiti-spring-boot-starter,org.activiti.spring.boot.tasks.TaskRuntimeUnAuthorizedTest.aCreateStandaloneTaskForGroup,org.activiti.spring.boot.tasks.TaskRuntimeTaskForOtherTest.aCreateStandaloneTaskWithNoCandidates,NIO;OD-Vic,Deleted,,https://github.com/TestingResearchIllinois/flaky-test-dataset/issues/111,od_cl_projects/b11f757a48600e53aaf3fcb7a3ba1ece6c463cb4/Activiti/activiti-spring-boot-starter/src/test/java/org/activiti/spring/boot/tasks/TaskRuntimeUnAuthorizedTest.java,od_cl_projects/b11f757a48600e53aaf3fcb7a3ba1ece6c463cb4/Activiti/activiti-spring-boot-starter/src/test/java/org/activiti/spring/boot/tasks/TaskRuntimeTaskForOtherTest.java,True,,"['0:test failures', '1:COMPILATION ERROR', '2:test failures', '3:COMPILATION ERROR', '4:COMPILATION ERROR', '5:BUILD FAILURE', 'summary:test_failures']"
https://github.com/Activiti/Activiti,Activiti,b11f757a48600e53aaf3fcb7a3ba1ece6c463cb4,activiti-spring-boot-starter,org.activiti.spring.boot.tasks.TaskRuntimeDeleteTaskTest.cCreateStandaloneGroupTaskClaimAndDeleteFail,org.activiti.spring.boot.tasks.TaskRuntimeTaskForOtherTest.bCheckThatTaskIsNotVisibleForNonCandidateUsers,OD-Vic,Deleted,,https://github.com/TestingResearchIllinois/flaky-test-dataset/issues/111,od_cl_projects/b11f757a48600e53aaf3fcb7a3ba1ece6c463cb4/Activiti/activiti-spring-boot-starter/src/test/java/org/activiti/spring/boot/tasks/TaskRuntimeDeleteTaskTest.java,od_cl_projects/b11f757a48600e53aaf3fcb7a3ba1ece6c463cb4/Activiti/activiti-spring-boot-starter/src/test/java/org/activiti/spring/boot/tasks/TaskRuntimeTaskForOtherTest.java,True,,"['0:test failures', '1:COMPILATION ERROR', '2:COMPILATION ERROR', '3:COMPILATION ERROR', '4:COMPILATION ERROR', '5:COMPILATION ERROR', 'summary:compilation_error']"
https://github.com/Activiti/Activiti,Activiti,b11f757a48600e53aaf3fcb7a3ba1ece6c463cb4,activiti-spring-boot-starter,org.activiti.spring.boot.tasks.TaskRuntimeTaskAssigneeTest.aCreateStandaloneTaskForAnotherAssignee,org.activiti.spring.boot.tasks.TaskRuntimeUnAuthorizedTest.aCreateStandaloneTaskForGroup,NIO;OD-Vic,Deleted,,https://github.com/TestingResearchIllinois/flaky-test-dataset/issues/111,od_cl_projects/b11f757a48600e53aaf3fcb7a3ba1ece6c463cb4/Activiti/activiti-spring-boot-starter/src/test/java/org/activiti/spring/boot/tasks/TaskRuntimeTaskAssigneeTest.java,od_cl_projects/b11f757a48600e53aaf3fcb7a3ba1ece6c463cb4/Activiti/activiti-spring-boot-starter/src/test/java/org/activiti/spring/boot/tasks/TaskRuntimeUnAuthorizedTest.java,True,,"['0:test failures', '1:test failures', '2:COMPILATION ERROR', '3:COMPILATION ERROR', '4:COMPILATION ERROR', '5:COMPILATION ERROR', 'summary:test_failures']"
https://github.com/alibaba/fastjson,fastjson,e05e9c5e4be580691cc55a59f3256595393203a1,.,com.alibaba.json.bvt.serializer.SerializeWriterTest_14.test_writer_2,com.alibaba.json.bvt.serializer.MaxBufSizeTest.test_max_buf,OD,Opened,https://github.com/alibaba/fastjson/pull/2291,,od_cl_projects/e05e9c5e4be580691cc55a59f3256595393203a1/fastjson/src/test/java/com/alibaba/json/bvt/serializer/SerializeWriterTest_14.java,od_cl_projects/e05e9c5e4be580691cc55a59f3256595393203a1/fastjson/src/test/java/com/alibaba/json/bvt/serializer/MaxBufSizeTest.java,True,/home/azureuser/flaky/OD80/f3bd4f58b5d88d3d57944602b6bd539e757fe21c/goodPatches/fastjson/e05e9c5e4be580691cc55a59f3256595393203a1/./com.alibaba.json.bvt.serializer.MaxBufSizeTest.test_max_buf/1.patch,"['0:test failures', '1:test pass', 'summary:good fix']"
https://github.com/apache/hadoop,hadoop,cc2babc1f75c93bf89a8f10da525f944c15d02ea,hadoop-hdfs-project/hadoop-hdfs-nfs,org.apache.hadoop.hdfs.nfs.nfs3.TestDFSClientCache.testGetUserGroupInformationSecure,org.apache.hadoop.hdfs.nfs.nfs3.TestRpcProgramNfs3.testAccess,OD-Vic,,,,od_cl_projects/cc2babc1f75c93bf89a8f10da525f944c15d02ea/hadoop/hadoop-hdfs-project/hadoop-hdfs-nfs/src/test/java/org/apache/hadoop/hdfs/nfs/nfs3/TestDFSClientCache.java,od_cl_projects/cc2babc1f75c93bf89a8f10da525f944c15d02ea/hadoop/hadoop-hdfs-project/hadoop-hdfs-nfs/src/test/java/org/apache/hadoop/hdfs/nfs/nfs3/TestRpcProgramNfs3.java,,,"['0:COMPILATION ERROR', 'original test not compilable, or build failure, or incorrect test name']"
https://github.com/apache/hadoop,hadoop,cc2babc1f75c93bf89a8f10da525f944c15d02ea,hadoop-hdfs-project/hadoop-hdfs-nfs,org.apache.hadoop.hdfs.nfs.nfs3.TestDFSClientCache.testGetUserGroupInformationSecure,org.apache.hadoop.hdfs.nfs.nfs3.TestRpcProgramNfs3.testCommit,OD-Vic,,,,od_cl_projects/cc2babc1f75c93bf89a8f10da525f944c15d02ea/hadoop/hadoop-hdfs-project/hadoop-hdfs-nfs/src/test/java/org/apache/hadoop/hdfs/nfs/nfs3/TestDFSClientCache.java,od_cl_projects/cc2babc1f75c93bf89a8f10da525f944c15d02ea/hadoop/hadoop-hdfs-project/hadoop-hdfs-nfs/src/test/java/org/apache/hadoop/hdfs/nfs/nfs3/TestRpcProgramNfs3.java,,,"['0:COMPILATION ERROR', 'original test not compilable, or build failure, or incorrect test name']"
https://github.com/apache/hadoop,hadoop,cc2babc1f75c93bf89a8f10da525f944c15d02ea,hadoop-hdfs-project/hadoop-hdfs-nfs,org.apache.hadoop.hdfs.nfs.nfs3.TestDFSClientCache.testGetUserGroupInformationSecure,org.apache.hadoop.hdfs.nfs.nfs3.TestRpcProgramNfs3.testCreate,OD-Vic,,,,od_cl_projects/cc2babc1f75c93bf89a8f10da525f944c15d02ea/hadoop/hadoop-hdfs-project/hadoop-hdfs-nfs/src/test/java/org/apache/hadoop/hdfs/nfs/nfs3/TestDFSClientCache.java,od_cl_projects/cc2babc1f75c93bf89a8f10da525f944c15d02ea/hadoop/hadoop-hdfs-project/hadoop-hdfs-nfs/src/test/java/org/apache/hadoop/hdfs/nfs/nfs3/TestRpcProgramNfs3.java,,,"['0:COMPILATION ERROR', 'original test not compilable, or build failure, or incorrect test name']"
https://github.com/apache/hadoop,hadoop,cc2babc1f75c93bf89a8f10da525f944c15d02ea,hadoop-hdfs-project/hadoop-hdfs-nfs,org.apache.hadoop.hdfs.nfs.nfs3.TestDFSClientCache.testGetUserGroupInformationSecure,org.apache.hadoop.hdfs.nfs.nfs3.TestRpcProgramNfs3.testFsinfo,OD-Vic,,,,od_cl_projects/cc2babc1f75c93bf89a8f10da525f944c15d02ea/hadoop/hadoop-hdfs-project/hadoop-hdfs-nfs/src/test/java/org/apache/hadoop/hdfs/nfs/nfs3/TestDFSClientCache.java,od_cl_projects/cc2babc1f75c93bf89a8f10da525f944c15d02ea/hadoop/hadoop-hdfs-project/hadoop-hdfs-nfs/src/test/java/org/apache/hadoop/hdfs/nfs/nfs3/TestRpcProgramNfs3.java,,,"['0:COMPILATION ERROR', 'original test not compilable, or build failure, or incorrect test name']"
https://github.com/apache/hadoop,hadoop,cc2babc1f75c93bf89a8f10da525f944c15d02ea,hadoop-hdfs-project/hadoop-hdfs-nfs,org.apache.hadoop.hdfs.nfs.nfs3.TestDFSClientCache.testGetUserGroupInformationSecure,org.apache.hadoop.hdfs.nfs.nfs3.TestRpcProgramNfs3.testFsstat,OD-Vic,,,,od_cl_projects/cc2babc1f75c93bf89a8f10da525f944c15d02ea/hadoop/hadoop-hdfs-project/hadoop-hdfs-nfs/src/test/java/org/apache/hadoop/hdfs/nfs/nfs3/TestDFSClientCache.java,od_cl_projects/cc2babc1f75c93bf89a8f10da525f944c15d02ea/hadoop/hadoop-hdfs-project/hadoop-hdfs-nfs/src/test/java/org/apache/hadoop/hdfs/nfs/nfs3/TestRpcProgramNfs3.java,,,"['0:COMPILATION ERROR', 'original test not compilable, or build failure, or incorrect test name']"
https://github.com/apache/hadoop,hadoop,cc2babc1f75c93bf89a8f10da525f944c15d02ea,hadoop-hdfs-project/hadoop-hdfs-nfs,org.apache.hadoop.hdfs.nfs.nfs3.TestDFSClientCache.testGetUserGroupInformationSecure,org.apache.hadoop.hdfs.nfs.nfs3.TestRpcProgramNfs3.testGetattr,OD-Vic,,,,od_cl_projects/cc2babc1f75c93bf89a8f10da525f944c15d02ea/hadoop/hadoop-hdfs-project/hadoop-hdfs-nfs/src/test/java/org/apache/hadoop/hdfs/nfs/nfs3/TestDFSClientCache.java,od_cl_projects/cc2babc1f75c93bf89a8f10da525f944c15d02ea/hadoop/hadoop-hdfs-project/hadoop-hdfs-nfs/src/test/java/org/apache/hadoop/hdfs/nfs/nfs3/TestRpcProgramNfs3.java,,,"['0:COMPILATION ERROR', 'original test not compilable, or build failure, or incorrect test name']"
https://github.com/apache/hadoop,hadoop,cc2babc1f75c93bf89a8f10da525f944c15d02ea,hadoop-hdfs-project/hadoop-hdfs-nfs,org.apache.hadoop.hdfs.nfs.nfs3.TestDFSClientCache.testGetUserGroupInformationSecure,org.apache.hadoop.hdfs.nfs.nfs3.TestRpcProgramNfs3.testLookup,OD-Vic,,,,od_cl_projects/cc2babc1f75c93bf89a8f10da525f944c15d02ea/hadoop/hadoop-hdfs-project/hadoop-hdfs-nfs/src/test/java/org/apache/hadoop/hdfs/nfs/nfs3/TestDFSClientCache.java,od_cl_projects/cc2babc1f75c93bf89a8f10da525f944c15d02ea/hadoop/hadoop-hdfs-project/hadoop-hdfs-nfs/src/test/java/org/apache/hadoop/hdfs/nfs/nfs3/TestRpcProgramNfs3.java,,,"['0:COMPILATION ERROR', 'original test not compilable, or build failure, or incorrect test name']"
https://github.com/apache/hadoop,hadoop,cc2babc1f75c93bf89a8f10da525f944c15d02ea,hadoop-hdfs-project/hadoop-hdfs-nfs,org.apache.hadoop.hdfs.nfs.nfs3.TestDFSClientCache.testGetUserGroupInformationSecure,org.apache.hadoop.hdfs.nfs.nfs3.TestRpcProgramNfs3.testMkdir,OD-Vic,,,,od_cl_projects/cc2babc1f75c93bf89a8f10da525f944c15d02ea/hadoop/hadoop-hdfs-project/hadoop-hdfs-nfs/src/test/java/org/apache/hadoop/hdfs/nfs/nfs3/TestDFSClientCache.java,od_cl_projects/cc2babc1f75c93bf89a8f10da525f944c15d02ea/hadoop/hadoop-hdfs-project/hadoop-hdfs-nfs/src/test/java/org/apache/hadoop/hdfs/nfs/nfs3/TestRpcProgramNfs3.java,,,"['0:COMPILATION ERROR', 'original test not compilable, or build failure, or incorrect test name']"
https://github.com/apache/hadoop,hadoop,cc2babc1f75c93bf89a8f10da525f944c15d02ea,hadoop-hdfs-project/hadoop-hdfs-nfs,org.apache.hadoop.hdfs.nfs.nfs3.TestDFSClientCache.testGetUserGroupInformationSecure,org.apache.hadoop.hdfs.nfs.nfs3.TestRpcProgramNfs3.testPathconf,OD-Vic,,,,od_cl_projects/cc2babc1f75c93bf89a8f10da525f944c15d02ea/hadoop/hadoop-hdfs-project/hadoop-hdfs-nfs/src/test/java/org/apache/hadoop/hdfs/nfs/nfs3/TestDFSClientCache.java,od_cl_projects/cc2babc1f75c93bf89a8f10da525f944c15d02ea/hadoop/hadoop-hdfs-project/hadoop-hdfs-nfs/src/test/java/org/apache/hadoop/hdfs/nfs/nfs3/TestRpcProgramNfs3.java,,,"['0:COMPILATION ERROR', 'original test not compilable, or build failure, or incorrect test name']"
https://github.com/apache/hadoop,hadoop,cc2babc1f75c93bf89a8f10da525f944c15d02ea,hadoop-hdfs-project/hadoop-hdfs-nfs,org.apache.hadoop.hdfs.nfs.nfs3.TestDFSClientCache.testGetUserGroupInformationSecure,org.apache.hadoop.hdfs.nfs.nfs3.TestRpcProgramNfs3.testRead,OD-Vic,,,,od_cl_projects/cc2babc1f75c93bf89a8f10da525f944c15d02ea/hadoop/hadoop-hdfs-project/hadoop-hdfs-nfs/src/test/java/org/apache/hadoop/hdfs/nfs/nfs3/TestDFSClientCache.java,od_cl_projects/cc2babc1f75c93bf89a8f10da525f944c15d02ea/hadoop/hadoop-hdfs-project/hadoop-hdfs-nfs/src/test/java/org/apache/hadoop/hdfs/nfs/nfs3/TestRpcProgramNfs3.java,,,"['0:COMPILATION ERROR', 'original test not compilable, or build failure, or incorrect test name']"
https://github.com/apache/hadoop,hadoop,cc2babc1f75c93bf89a8f10da525f944c15d02ea,hadoop-hdfs-project/hadoop-hdfs-nfs,org.apache.hadoop.hdfs.nfs.nfs3.TestDFSClientCache.testGetUserGroupInformationSecure,org.apache.hadoop.hdfs.nfs.nfs3.TestRpcProgramNfs3.testReaddir,OD-Vic,,,,od_cl_projects/cc2babc1f75c93bf89a8f10da525f944c15d02ea/hadoop/hadoop-hdfs-project/hadoop-hdfs-nfs/src/test/java/org/apache/hadoop/hdfs/nfs/nfs3/TestDFSClientCache.java,od_cl_projects/cc2babc1f75c93bf89a8f10da525f944c15d02ea/hadoop/hadoop-hdfs-project/hadoop-hdfs-nfs/src/test/java/org/apache/hadoop/hdfs/nfs/nfs3/TestRpcProgramNfs3.java,,,"['0:COMPILATION ERROR', 'original test not compilable, or build failure, or incorrect test name']"
https://github.com/apache/hadoop,hadoop,cc2babc1f75c93bf89a8f10da525f944c15d02ea,hadoop-hdfs-project/hadoop-hdfs-nfs,org.apache.hadoop.hdfs.nfs.nfs3.TestDFSClientCache.testGetUserGroupInformationSecure,org.apache.hadoop.hdfs.nfs.nfs3.TestRpcProgramNfs3.testReaddirplus,OD-Vic,,,,od_cl_projects/cc2babc1f75c93bf89a8f10da525f944c15d02ea/hadoop/hadoop-hdfs-project/hadoop-hdfs-nfs/src/test/java/org/apache/hadoop/hdfs/nfs/nfs3/TestDFSClientCache.java,od_cl_projects/cc2babc1f75c93bf89a8f10da525f944c15d02ea/hadoop/hadoop-hdfs-project/hadoop-hdfs-nfs/src/test/java/org/apache/hadoop/hdfs/nfs/nfs3/TestRpcProgramNfs3.java,,,"['0:COMPILATION ERROR', 'original test not compilable, or build failure, or incorrect test name']"
https://github.com/apache/hadoop,hadoop,cc2babc1f75c93bf89a8f10da525f944c15d02ea,hadoop-hdfs-project/hadoop-hdfs-nfs,org.apache.hadoop.hdfs.nfs.nfs3.TestDFSClientCache.testGetUserGroupInformationSecure,org.apache.hadoop.hdfs.nfs.nfs3.TestRpcProgramNfs3.testReadlink,OD-Vic,,,,od_cl_projects/cc2babc1f75c93bf89a8f10da525f944c15d02ea/hadoop/hadoop-hdfs-project/hadoop-hdfs-nfs/src/test/java/org/apache/hadoop/hdfs/nfs/nfs3/TestDFSClientCache.java,od_cl_projects/cc2babc1f75c93bf89a8f10da525f944c15d02ea/hadoop/hadoop-hdfs-project/hadoop-hdfs-nfs/src/test/java/org/apache/hadoop/hdfs/nfs/nfs3/TestRpcProgramNfs3.java,,,"['0:COMPILATION ERROR', 'original test not compilable, or build failure, or incorrect test name']"
https://github.com/apache/hadoop,hadoop,cc2babc1f75c93bf89a8f10da525f944c15d02ea,hadoop-hdfs-project/hadoop-hdfs-nfs,org.apache.hadoop.hdfs.nfs.nfs3.TestDFSClientCache.testGetUserGroupInformationSecure,org.apache.hadoop.hdfs.nfs.nfs3.TestRpcProgramNfs3.testRemove,OD-Vic,,,,od_cl_projects/cc2babc1f75c93bf89a8f10da525f944c15d02ea/hadoop/hadoop-hdfs-project/hadoop-hdfs-nfs/src/test/java/org/apache/hadoop/hdfs/nfs/nfs3/TestDFSClientCache.java,od_cl_projects/cc2babc1f75c93bf89a8f10da525f944c15d02ea/hadoop/hadoop-hdfs-project/hadoop-hdfs-nfs/src/test/java/org/apache/hadoop/hdfs/nfs/nfs3/TestRpcProgramNfs3.java,,,"['0:COMPILATION ERROR', 'original test not compilable, or build failure, or incorrect test name']"
https://github.com/apache/hadoop,hadoop,cc2babc1f75c93bf89a8f10da525f944c15d02ea,hadoop-hdfs-project/hadoop-hdfs-nfs,org.apache.hadoop.hdfs.nfs.nfs3.TestDFSClientCache.testGetUserGroupInformationSecure,org.apache.hadoop.hdfs.nfs.nfs3.TestRpcProgramNfs3.testRename,OD-Vic,,,,od_cl_projects/cc2babc1f75c93bf89a8f10da525f944c15d02ea/hadoop/hadoop-hdfs-project/hadoop-hdfs-nfs/src/test/java/org/apache/hadoop/hdfs/nfs/nfs3/TestDFSClientCache.java,od_cl_projects/cc2babc1f75c93bf89a8f10da525f944c15d02ea/hadoop/hadoop-hdfs-project/hadoop-hdfs-nfs/src/test/java/org/apache/hadoop/hdfs/nfs/nfs3/TestRpcProgramNfs3.java,,,"['0:COMPILATION ERROR', 'original test not compilable, or build failure, or incorrect test name']"
https://github.com/apache/hadoop,hadoop,cc2babc1f75c93bf89a8f10da525f944c15d02ea,hadoop-hdfs-project/hadoop-hdfs-nfs,org.apache.hadoop.hdfs.nfs.nfs3.TestDFSClientCache.testGetUserGroupInformationSecure,org.apache.hadoop.hdfs.nfs.nfs3.TestRpcProgramNfs3.testRmdir,OD-Vic,,,,od_cl_projects/cc2babc1f75c93bf89a8f10da525f944c15d02ea/hadoop/hadoop-hdfs-project/hadoop-hdfs-nfs/src/test/java/org/apache/hadoop/hdfs/nfs/nfs3/TestDFSClientCache.java,od_cl_projects/cc2babc1f75c93bf89a8f10da525f944c15d02ea/hadoop/hadoop-hdfs-project/hadoop-hdfs-nfs/src/test/java/org/apache/hadoop/hdfs/nfs/nfs3/TestRpcProgramNfs3.java,,,"['0:COMPILATION ERROR', 'original test not compilable, or build failure, or incorrect test name']"
https://github.com/apache/hadoop,hadoop,cc2babc1f75c93bf89a8f10da525f944c15d02ea,hadoop-hdfs-project/hadoop-hdfs-nfs,org.apache.hadoop.hdfs.nfs.nfs3.TestDFSClientCache.testGetUserGroupInformationSecure,org.apache.hadoop.hdfs.nfs.nfs3.TestRpcProgramNfs3.testSetattr,OD-Vic,,,,od_cl_projects/cc2babc1f75c93bf89a8f10da525f944c15d02ea/hadoop/hadoop-hdfs-project/hadoop-hdfs-nfs/src/test/java/org/apache/hadoop/hdfs/nfs/nfs3/TestDFSClientCache.java,od_cl_projects/cc2babc1f75c93bf89a8f10da525f944c15d02ea/hadoop/hadoop-hdfs-project/hadoop-hdfs-nfs/src/test/java/org/apache/hadoop/hdfs/nfs/nfs3/TestRpcProgramNfs3.java,,,"['0:COMPILATION ERROR', 'original test not compilable, or build failure, or incorrect test name']"
https://github.com/apache/hadoop,hadoop,cc2babc1f75c93bf89a8f10da525f944c15d02ea,hadoop-hdfs-project/hadoop-hdfs-nfs,org.apache.hadoop.hdfs.nfs.nfs3.TestDFSClientCache.testGetUserGroupInformationSecure,org.apache.hadoop.hdfs.nfs.nfs3.TestRpcProgramNfs3.testSymlink,OD-Vic,,,,od_cl_projects/cc2babc1f75c93bf89a8f10da525f944c15d02ea/hadoop/hadoop-hdfs-project/hadoop-hdfs-nfs/src/test/java/org/apache/hadoop/hdfs/nfs/nfs3/TestDFSClientCache.java,od_cl_projects/cc2babc1f75c93bf89a8f10da525f944c15d02ea/hadoop/hadoop-hdfs-project/hadoop-hdfs-nfs/src/test/java/org/apache/hadoop/hdfs/nfs/nfs3/TestRpcProgramNfs3.java,,,"['0:COMPILATION ERROR', 'original test not compilable, or build failure, or incorrect test name']"
https://github.com/apache/hadoop,hadoop,cc2babc1f75c93bf89a8f10da525f944c15d02ea,hadoop-hdfs-project/hadoop-hdfs-nfs,org.apache.hadoop.hdfs.nfs.nfs3.TestDFSClientCache.testGetUserGroupInformationSecure,org.apache.hadoop.hdfs.nfs.nfs3.TestRpcProgramNfs3.testWrite,OD-Vic,,,,od_cl_projects/cc2babc1f75c93bf89a8f10da525f944c15d02ea/hadoop/hadoop-hdfs-project/hadoop-hdfs-nfs/src/test/java/org/apache/hadoop/hdfs/nfs/nfs3/TestDFSClientCache.java,od_cl_projects/cc2babc1f75c93bf89a8f10da525f944c15d02ea/hadoop/hadoop-hdfs-project/hadoop-hdfs-nfs/src/test/java/org/apache/hadoop/hdfs/nfs/nfs3/TestRpcProgramNfs3.java,,,"['0:COMPILATION ERROR', 'original test not compilable, or build failure, or incorrect test name']"
https://github.com/apache/hadoop,hadoop,cc2babc1f75c93bf89a8f10da525f944c15d02ea,hadoop-hdfs-project/hadoop-hdfs-nfs,org.apache.hadoop.hdfs.nfs.nfs3.TestDFSClientCache.testGetUserGroupInformationSecure,org.apache.hadoop.hdfs.nfs.nfs3.TestViewfsWithNfs3.testNfsAccessNN1,OD-Vic,,,,od_cl_projects/cc2babc1f75c93bf89a8f10da525f944c15d02ea/hadoop/hadoop-hdfs-project/hadoop-hdfs-nfs/src/test/java/org/apache/hadoop/hdfs/nfs/nfs3/TestDFSClientCache.java,od_cl_projects/cc2babc1f75c93bf89a8f10da525f944c15d02ea/hadoop/hadoop-hdfs-project/hadoop-hdfs-nfs/src/test/java/org/apache/hadoop/hdfs/nfs/nfs3/TestViewfsWithNfs3.java,,,"['0:COMPILATION ERROR', 'original test not compilable, or build failure, or incorrect test name']"
https://github.com/apache/hadoop,hadoop,cc2babc1f75c93bf89a8f10da525f944c15d02ea,hadoop-hdfs-project/hadoop-hdfs-nfs,org.apache.hadoop.hdfs.nfs.nfs3.TestDFSClientCache.testGetUserGroupInformationSecure,org.apache.hadoop.hdfs.nfs.nfs3.TestViewfsWithNfs3.testNfsAccessNN2,OD-Vic,,,,od_cl_projects/cc2babc1f75c93bf89a8f10da525f944c15d02ea/hadoop/hadoop-hdfs-project/hadoop-hdfs-nfs/src/test/java/org/apache/hadoop/hdfs/nfs/nfs3/TestDFSClientCache.java,od_cl_projects/cc2babc1f75c93bf89a8f10da525f944c15d02ea/hadoop/hadoop-hdfs-project/hadoop-hdfs-nfs/src/test/java/org/apache/hadoop/hdfs/nfs/nfs3/TestViewfsWithNfs3.java,,,"['0:COMPILATION ERROR', 'original test not compilable, or build failure, or incorrect test name']"
https://github.com/apache/hadoop,hadoop,cc2babc1f75c93bf89a8f10da525f944c15d02ea,hadoop-hdfs-project/hadoop-hdfs-nfs,org.apache.hadoop.hdfs.nfs.nfs3.TestDFSClientCache.testGetUserGroupInformationSecure,org.apache.hadoop.hdfs.nfs.nfs3.TestViewfsWithNfs3.testNfsWriteNN1,OD-Vic,,,,od_cl_projects/cc2babc1f75c93bf89a8f10da525f944c15d02ea/hadoop/hadoop-hdfs-project/hadoop-hdfs-nfs/src/test/java/org/apache/hadoop/hdfs/nfs/nfs3/TestDFSClientCache.java,od_cl_projects/cc2babc1f75c93bf89a8f10da525f944c15d02ea/hadoop/hadoop-hdfs-project/hadoop-hdfs-nfs/src/test/java/org/apache/hadoop/hdfs/nfs/nfs3/TestViewfsWithNfs3.java,,,"['0:COMPILATION ERROR', 'original test not compilable, or build failure, or incorrect test name']"
https://github.com/apache/hadoop,hadoop,cc2babc1f75c93bf89a8f10da525f944c15d02ea,hadoop-hdfs-project/hadoop-hdfs-nfs,org.apache.hadoop.hdfs.nfs.nfs3.TestDFSClientCache.testGetUserGroupInformationSecure,org.apache.hadoop.hdfs.nfs.nfs3.TestViewfsWithNfs3.testNfsWriteNN2,OD-Vic,,,,od_cl_projects/cc2babc1f75c93bf89a8f10da525f944c15d02ea/hadoop/hadoop-hdfs-project/hadoop-hdfs-nfs/src/test/java/org/apache/hadoop/hdfs/nfs/nfs3/TestDFSClientCache.java,od_cl_projects/cc2babc1f75c93bf89a8f10da525f944c15d02ea/hadoop/hadoop-hdfs-project/hadoop-hdfs-nfs/src/test/java/org/apache/hadoop/hdfs/nfs/nfs3/TestViewfsWithNfs3.java,,,"['0:COMPILATION ERROR', 'original test not compilable, or build failure, or incorrect test name']"
https://github.com/apache/hadoop,hadoop,cc2babc1f75c93bf89a8f10da525f944c15d02ea,hadoop-hdfs-project/hadoop-hdfs-nfs,org.apache.hadoop.hdfs.nfs.nfs3.TestDFSClientCache.testGetUserGroupInformationSecure,org.apache.hadoop.hdfs.nfs.nfs3.TestViewfsWithNfs3.testWrongNfsAccess,OD-Vic,,,,od_cl_projects/cc2babc1f75c93bf89a8f10da525f944c15d02ea/hadoop/hadoop-hdfs-project/hadoop-hdfs-nfs/src/test/java/org/apache/hadoop/hdfs/nfs/nfs3/TestDFSClientCache.java,od_cl_projects/cc2babc1f75c93bf89a8f10da525f944c15d02ea/hadoop/hadoop-hdfs-project/hadoop-hdfs-nfs/src/test/java/org/apache/hadoop/hdfs/nfs/nfs3/TestViewfsWithNfs3.java,,,"['0:COMPILATION ERROR', 'original test not compilable, or build failure, or incorrect test name']"
https://github.com/apache/hadoop,hadoop,cc2babc1f75c93bf89a8f10da525f944c15d02ea,hadoop-hdfs-project/hadoop-hdfs-nfs,org.apache.hadoop.hdfs.nfs.nfs3.TestDFSClientCache.testGetUserGroupInformationSecure,org.apache.hadoop.hdfs.nfs.nfs3.TestWrites.testOOOWrites,OD-Vic,,,,od_cl_projects/cc2babc1f75c93bf89a8f10da525f944c15d02ea/hadoop/hadoop-hdfs-project/hadoop-hdfs-nfs/src/test/java/org/apache/hadoop/hdfs/nfs/nfs3/TestDFSClientCache.java,od_cl_projects/cc2babc1f75c93bf89a8f10da525f944c15d02ea/hadoop/hadoop-hdfs-project/hadoop-hdfs-nfs/src/test/java/org/apache/hadoop/hdfs/nfs/nfs3/TestWrites.java,,,"['0:COMPILATION ERROR', 'original test not compilable, or build failure, or incorrect test name']"
https://github.com/apache/hadoop,hadoop,cc2babc1f75c93bf89a8f10da525f944c15d02ea,hadoop-hdfs-project/hadoop-hdfs-nfs,org.apache.hadoop.hdfs.nfs.nfs3.TestDFSClientCache.testGetUserGroupInformationSecure,org.apache.hadoop.hdfs.nfs.nfs3.TestWrites.testOverlappingWrites,OD-Vic,,,,od_cl_projects/cc2babc1f75c93bf89a8f10da525f944c15d02ea/hadoop/hadoop-hdfs-project/hadoop-hdfs-nfs/src/test/java/org/apache/hadoop/hdfs/nfs/nfs3/TestDFSClientCache.java,od_cl_projects/cc2babc1f75c93bf89a8f10da525f944c15d02ea/hadoop/hadoop-hdfs-project/hadoop-hdfs-nfs/src/test/java/org/apache/hadoop/hdfs/nfs/nfs3/TestWrites.java,,,"['0:COMPILATION ERROR', 'original test not compilable, or build failure, or incorrect test name']"
https://github.com/apache/hadoop,hadoop,cc2babc1f75c93bf89a8f10da525f944c15d02ea,hadoop-hdfs-project/hadoop-hdfs-nfs,org.apache.hadoop.hdfs.nfs.nfs3.TestDFSClientCache.testGetUserGroupInformationSecure,org.apache.hadoop.hdfs.nfs.nfs3.TestWrites.testWriteStableHow,OD-Vic,,,,od_cl_projects/cc2babc1f75c93bf89a8f10da525f944c15d02ea/hadoop/hadoop-hdfs-project/hadoop-hdfs-nfs/src/test/java/org/apache/hadoop/hdfs/nfs/nfs3/TestDFSClientCache.java,od_cl_projects/cc2babc1f75c93bf89a8f10da525f944c15d02ea/hadoop/hadoop-hdfs-project/hadoop-hdfs-nfs/src/test/java/org/apache/hadoop/hdfs/nfs/nfs3/TestWrites.java,,,"['0:COMPILATION ERROR', 'original test not compilable, or build failure, or incorrect test name']"
https://github.com/apache/hadoop,hadoop,cc2babc1f75c93bf89a8f10da525f944c15d02ea,hadoop-hdfs-project/hadoop-hdfs-httpfs,org.apache.hadoop.fs.http.server.TestHttpFSServer.testGlobFilter,org.apache.hadoop.lib.servlet.TestServerWebApp.getHomeDir,NIO;OD,Rejected,https://github.com/apache/hadoop/pull/2482,,od_cl_projects/cc2babc1f75c93bf89a8f10da525f944c15d02ea/hadoop/hadoop-hdfs-project/hadoop-hdfs-httpfs/src/test/java/org/apache/hadoop/fs/http/server/TestHttpFSServer.java,od_cl_projects/cc2babc1f75c93bf89a8f10da525f944c15d02ea/hadoop/hadoop-hdfs-project/hadoop-hdfs-httpfs/src/test/java/org/apache/hadoop/lib/servlet/TestServerWebApp.java,,,"['0:COMPILATION ERROR', 'original test not compilable, or build failure, or incorrect test name']"
https://github.com/apache/hadoop,hadoop,cc2babc1f75c93bf89a8f10da525f944c15d02ea,hadoop-yarn-project/hadoop-yarn/hadoop-yarn-registry,org.apache.hadoop.registry.secure.TestSecureRegistry.testCreateSecureZK,org.apache.hadoop.registry.client.binding.TestRegistryOperationUtils.testUsernameExtractionEnvVarOverrride,OD,Opened,https://github.com/apache/hadoop/pull/3656,,od_cl_projects/cc2babc1f75c93bf89a8f10da525f944c15d02ea/hadoop/hadoop-yarn-project/hadoop-yarn/hadoop-yarn-registry/src/test/java/org/apache/hadoop/registry/secure/TestSecureRegistry.java,od_cl_projects/cc2babc1f75c93bf89a8f10da525f944c15d02ea/hadoop/hadoop-yarn-project/hadoop-yarn/hadoop-yarn-registry/src/test/java/org/apache/hadoop/registry/client/binding/TestRegistryOperationUtils.java,,,"['0:COMPILATION ERROR', 'original test not compilable, or build failure, or incorrect test name']"
https://github.com/apache/hadoop,hadoop,cc2babc1f75c93bf89a8f10da525f944c15d02ea,hadoop-common-project/hadoop-auth,org.apache.hadoop.security.authentication.util.TestKerberosUtil.testGetServerPrincipal,org.apache.hadoop.security.authentication.util.TestKerberosName.testRules,OD-Vic,,,,od_cl_projects/cc2babc1f75c93bf89a8f10da525f944c15d02ea/hadoop/hadoop-common-project/hadoop-auth/src/test/java/org/apache/hadoop/security/authentication/util/TestKerberosUtil.java,od_cl_projects/cc2babc1f75c93bf89a8f10da525f944c15d02ea/hadoop/hadoop-common-project/hadoop-auth/src/test/java/org/apache/hadoop/security/authentication/util/TestKerberosName.java,,,"['0:test failures', NameError(""name 'victim' is not defined"")]"
https://github.com/apache/hadoop,hadoop,cc2babc1f75c93bf89a8f10da525f944c15d02ea,hadoop-yarn-project/hadoop-yarn/hadoop-yarn-server/hadoop-yarn-server-timelineservice,org.apache.hadoop.yarn.server.timelineservice.reader.TestTimelineReaderMetrics.testTimelineReaderMetrics,org.apache.hadoop.yarn.server.timelineservice.reader.TestTimelineReaderWebServices.testAbout,OD,,,,od_cl_projects/cc2babc1f75c93bf89a8f10da525f944c15d02ea/hadoop/hadoop-yarn-project/hadoop-yarn/hadoop-yarn-server/hadoop-yarn-server-timelineservice/src/test/java/org/apache/hadoop/yarn/server/timelineservice/reader/TestTimelineReaderMetrics.java,od_cl_projects/cc2babc1f75c93bf89a8f10da525f944c15d02ea/hadoop/hadoop-yarn-project/hadoop-yarn/hadoop-yarn-server/hadoop-yarn-server-timelineservice/src/test/java/org/apache/hadoop/yarn/server/timelineservice/reader/TestTimelineReaderWebServices.java,True,,"['0:test failures', '1:COMPILATION ERROR', '2:COMPILATION ERROR', '3:COMPILATION ERROR', '4:COMPILATION ERROR', '5:COMPILATION ERROR', 'summary:compilation_error']"
https://github.com/apache/hadoop,hadoop,cc2babc1f75c93bf89a8f10da525f944c15d02ea,hadoop-yarn-project/hadoop-yarn/hadoop-yarn-server/hadoop-yarn-server-timelineservice,org.apache.hadoop.yarn.server.timelineservice.reader.TestTimelineReaderMetrics.testTimelineReaderMetrics,org.apache.hadoop.yarn.server.timelineservice.reader.TestTimelineReaderWebServices.testGetAppAttempt,OD,,,,od_cl_projects/cc2babc1f75c93bf89a8f10da525f944c15d02ea/hadoop/hadoop-yarn-project/hadoop-yarn/hadoop-yarn-server/hadoop-yarn-server-timelineservice/src/test/java/org/apache/hadoop/yarn/server/timelineservice/reader/TestTimelineReaderMetrics.java,od_cl_projects/cc2babc1f75c93bf89a8f10da525f944c15d02ea/hadoop/hadoop-yarn-project/hadoop-yarn/hadoop-yarn-server/hadoop-yarn-server-timelineservice/src/test/java/org/apache/hadoop/yarn/server/timelineservice/reader/TestTimelineReaderWebServices.java,True,,"['0:test failures', '1:COMPILATION ERROR', '2:COMPILATION ERROR', '3:COMPILATION ERROR', '4:COMPILATION ERROR', '5:COMPILATION ERROR', 'summary:compilation_error']"
https://github.com/apache/hadoop,hadoop,cc2babc1f75c93bf89a8f10da525f944c15d02ea,hadoop-yarn-project/hadoop-yarn/hadoop-yarn-server/hadoop-yarn-server-timelineservice,org.apache.hadoop.yarn.server.timelineservice.reader.TestTimelineReaderMetrics.testTimelineReaderMetrics,org.apache.hadoop.yarn.server.timelineservice.reader.TestTimelineReaderWebServices.testGetAppAttempts,OD,,,,od_cl_projects/cc2babc1f75c93bf89a8f10da525f944c15d02ea/hadoop/hadoop-yarn-project/hadoop-yarn/hadoop-yarn-server/hadoop-yarn-server-timelineservice/src/test/java/org/apache/hadoop/yarn/server/timelineservice/reader/TestTimelineReaderMetrics.java,od_cl_projects/cc2babc1f75c93bf89a8f10da525f944c15d02ea/hadoop/hadoop-yarn-project/hadoop-yarn/hadoop-yarn-server/hadoop-yarn-server-timelineservice/src/test/java/org/apache/hadoop/yarn/server/timelineservice/reader/TestTimelineReaderWebServices.java,True,,"['0:test failures', '1:COMPILATION ERROR', '2:COMPILATION ERROR', '3:COMPILATION ERROR', '4:COMPILATION ERROR', '5:COMPILATION ERROR', 'summary:compilation_error']"
https://github.com/apache/hadoop,hadoop,cc2babc1f75c93bf89a8f10da525f944c15d02ea,hadoop-yarn-project/hadoop-yarn/hadoop-yarn-server/hadoop-yarn-server-timelineservice,org.apache.hadoop.yarn.server.timelineservice.reader.TestTimelineReaderMetrics.testTimelineReaderMetrics,org.apache.hadoop.yarn.server.timelineservice.reader.TestTimelineReaderWebServices.testGetContainer,OD,,,,od_cl_projects/cc2babc1f75c93bf89a8f10da525f944c15d02ea/hadoop/hadoop-yarn-project/hadoop-yarn/hadoop-yarn-server/hadoop-yarn-server-timelineservice/src/test/java/org/apache/hadoop/yarn/server/timelineservice/reader/TestTimelineReaderMetrics.java,od_cl_projects/cc2babc1f75c93bf89a8f10da525f944c15d02ea/hadoop/hadoop-yarn-project/hadoop-yarn/hadoop-yarn-server/hadoop-yarn-server-timelineservice/src/test/java/org/apache/hadoop/yarn/server/timelineservice/reader/TestTimelineReaderWebServices.java,True,,"['0:test failures', '1:COMPILATION ERROR', '2:COMPILATION ERROR', '3:COMPILATION ERROR', '4:COMPILATION ERROR', '5:COMPILATION ERROR', 'summary:compilation_error']"
https://github.com/apache/hadoop,hadoop,cc2babc1f75c93bf89a8f10da525f944c15d02ea,hadoop-yarn-project/hadoop-yarn/hadoop-yarn-server/hadoop-yarn-server-timelineservice,org.apache.hadoop.yarn.server.timelineservice.reader.TestTimelineReaderMetrics.testTimelineReaderMetrics,org.apache.hadoop.yarn.server.timelineservice.reader.TestTimelineReaderWebServices.testGetContainers,OD,,,,od_cl_projects/cc2babc1f75c93bf89a8f10da525f944c15d02ea/hadoop/hadoop-yarn-project/hadoop-yarn/hadoop-yarn-server/hadoop-yarn-server-timelineservice/src/test/java/org/apache/hadoop/yarn/server/timelineservice/reader/TestTimelineReaderMetrics.java,od_cl_projects/cc2babc1f75c93bf89a8f10da525f944c15d02ea/hadoop/hadoop-yarn-project/hadoop-yarn/hadoop-yarn-server/hadoop-yarn-server-timelineservice/src/test/java/org/apache/hadoop/yarn/server/timelineservice/reader/TestTimelineReaderWebServices.java,True,,"['0:test failures', '1:COMPILATION ERROR', '2:COMPILATION ERROR', '3:COMPILATION ERROR', '4:COMPILATION ERROR', '5:COMPILATION ERROR', 'summary:compilation_error']"
https://github.com/apache/hadoop,hadoop,cc2babc1f75c93bf89a8f10da525f944c15d02ea,hadoop-yarn-project/hadoop-yarn/hadoop-yarn-server/hadoop-yarn-server-timelineservice,org.apache.hadoop.yarn.server.timelineservice.reader.TestTimelineReaderMetrics.testTimelineReaderMetrics,org.apache.hadoop.yarn.server.timelineservice.reader.TestTimelineReaderWebServices.testGetEntities,OD,,,,od_cl_projects/cc2babc1f75c93bf89a8f10da525f944c15d02ea/hadoop/hadoop-yarn-project/hadoop-yarn/hadoop-yarn-server/hadoop-yarn-server-timelineservice/src/test/java/org/apache/hadoop/yarn/server/timelineservice/reader/TestTimelineReaderMetrics.java,od_cl_projects/cc2babc1f75c93bf89a8f10da525f944c15d02ea/hadoop/hadoop-yarn-project/hadoop-yarn/hadoop-yarn-server/hadoop-yarn-server-timelineservice/src/test/java/org/apache/hadoop/yarn/server/timelineservice/reader/TestTimelineReaderWebServices.java,True,,"['0:test failures', '1:COMPILATION ERROR', '2:COMPILATION ERROR', '3:COMPILATION ERROR', '4:COMPILATION ERROR', '5:COMPILATION ERROR', 'summary:compilation_error']"
https://github.com/apache/hadoop,hadoop,cc2babc1f75c93bf89a8f10da525f944c15d02ea,hadoop-yarn-project/hadoop-yarn/hadoop-yarn-server/hadoop-yarn-server-timelineservice,org.apache.hadoop.yarn.server.timelineservice.reader.TestTimelineReaderMetrics.testTimelineReaderMetrics,org.apache.hadoop.yarn.server.timelineservice.reader.TestTimelineReaderWebServices.testGetEntitiesBasedOnCreatedTime,OD,,,,od_cl_projects/cc2babc1f75c93bf89a8f10da525f944c15d02ea/hadoop/hadoop-yarn-project/hadoop-yarn/hadoop-yarn-server/hadoop-yarn-server-timelineservice/src/test/java/org/apache/hadoop/yarn/server/timelineservice/reader/TestTimelineReaderMetrics.java,od_cl_projects/cc2babc1f75c93bf89a8f10da525f944c15d02ea/hadoop/hadoop-yarn-project/hadoop-yarn/hadoop-yarn-server/hadoop-yarn-server-timelineservice/src/test/java/org/apache/hadoop/yarn/server/timelineservice/reader/TestTimelineReaderWebServices.java,True,,"['0:test failures', '1:COMPILATION ERROR', '2:COMPILATION ERROR', '3:COMPILATION ERROR', '4:COMPILATION ERROR', '5:COMPILATION ERROR', 'summary:compilation_error']"
https://github.com/apache/hadoop,hadoop,cc2babc1f75c93bf89a8f10da525f944c15d02ea,hadoop-yarn-project/hadoop-yarn/hadoop-yarn-server/hadoop-yarn-server-timelineservice,org.apache.hadoop.yarn.server.timelineservice.reader.TestTimelineReaderMetrics.testTimelineReaderMetrics,org.apache.hadoop.yarn.server.timelineservice.reader.TestTimelineReaderWebServices.testGetEntitiesByConfigFilters,OD,,,,od_cl_projects/cc2babc1f75c93bf89a8f10da525f944c15d02ea/hadoop/hadoop-yarn-project/hadoop-yarn/hadoop-yarn-server/hadoop-yarn-server-timelineservice/src/test/java/org/apache/hadoop/yarn/server/timelineservice/reader/TestTimelineReaderMetrics.java,od_cl_projects/cc2babc1f75c93bf89a8f10da525f944c15d02ea/hadoop/hadoop-yarn-project/hadoop-yarn/hadoop-yarn-server/hadoop-yarn-server-timelineservice/src/test/java/org/apache/hadoop/yarn/server/timelineservice/reader/TestTimelineReaderWebServices.java,True,,"['0:test failures', '1:test failures', '2:test failures', '3:COMPILATION ERROR', '4:COMPILATION ERROR', '5:COMPILATION ERROR', 'summary:test_failures']"
https://github.com/apache/hadoop,hadoop,cc2babc1f75c93bf89a8f10da525f944c15d02ea,hadoop-yarn-project/hadoop-yarn/hadoop-yarn-server/hadoop-yarn-server-timelineservice,org.apache.hadoop.yarn.server.timelineservice.reader.TestTimelineReaderMetrics.testTimelineReaderMetrics,org.apache.hadoop.yarn.server.timelineservice.reader.TestTimelineReaderWebServices.testGetEntitiesByEventFilters,OD,,,,od_cl_projects/cc2babc1f75c93bf89a8f10da525f944c15d02ea/hadoop/hadoop-yarn-project/hadoop-yarn/hadoop-yarn-server/hadoop-yarn-server-timelineservice/src/test/java/org/apache/hadoop/yarn/server/timelineservice/reader/TestTimelineReaderMetrics.java,od_cl_projects/cc2babc1f75c93bf89a8f10da525f944c15d02ea/hadoop/hadoop-yarn-project/hadoop-yarn/hadoop-yarn-server/hadoop-yarn-server-timelineservice/src/test/java/org/apache/hadoop/yarn/server/timelineservice/reader/TestTimelineReaderWebServices.java,True,,"['0:test failures', '1:COMPILATION ERROR', '2:COMPILATION ERROR', '3:COMPILATION ERROR', '4:COMPILATION ERROR', '5:COMPILATION ERROR', 'summary:compilation_error']"
https://github.com/apache/hadoop,hadoop,cc2babc1f75c93bf89a8f10da525f944c15d02ea,hadoop-yarn-project/hadoop-yarn/hadoop-yarn-server/hadoop-yarn-server-timelineservice,org.apache.hadoop.yarn.server.timelineservice.reader.TestTimelineReaderMetrics.testTimelineReaderMetrics,org.apache.hadoop.yarn.server.timelineservice.reader.TestTimelineReaderWebServices.testGetEntitiesByInfoFilters,OD,,,,od_cl_projects/cc2babc1f75c93bf89a8f10da525f944c15d02ea/hadoop/hadoop-yarn-project/hadoop-yarn/hadoop-yarn-server/hadoop-yarn-server-timelineservice/src/test/java/org/apache/hadoop/yarn/server/timelineservice/reader/TestTimelineReaderMetrics.java,od_cl_projects/cc2babc1f75c93bf89a8f10da525f944c15d02ea/hadoop/hadoop-yarn-project/hadoop-yarn/hadoop-yarn-server/hadoop-yarn-server-timelineservice/src/test/java/org/apache/hadoop/yarn/server/timelineservice/reader/TestTimelineReaderWebServices.java,True,,"['0:test failures', '1:COMPILATION ERROR', '2:COMPILATION ERROR', '3:COMPILATION ERROR', '4:COMPILATION ERROR', '5:COMPILATION ERROR', 'summary:compilation_error']"
https://github.com/apache/hadoop,hadoop,cc2babc1f75c93bf89a8f10da525f944c15d02ea,hadoop-yarn-project/hadoop-yarn/hadoop-yarn-server/hadoop-yarn-server-timelineservice,org.apache.hadoop.yarn.server.timelineservice.reader.TestTimelineReaderMetrics.testTimelineReaderMetrics,org.apache.hadoop.yarn.server.timelineservice.reader.TestTimelineReaderWebServices.testGetEntitiesByMetricFilters,OD,,,,od_cl_projects/cc2babc1f75c93bf89a8f10da525f944c15d02ea/hadoop/hadoop-yarn-project/hadoop-yarn/hadoop-yarn-server/hadoop-yarn-server-timelineservice/src/test/java/org/apache/hadoop/yarn/server/timelineservice/reader/TestTimelineReaderMetrics.java,od_cl_projects/cc2babc1f75c93bf89a8f10da525f944c15d02ea/hadoop/hadoop-yarn-project/hadoop-yarn/hadoop-yarn-server/hadoop-yarn-server-timelineservice/src/test/java/org/apache/hadoop/yarn/server/timelineservice/reader/TestTimelineReaderWebServices.java,True,,"['0:test failures', '1:COMPILATION ERROR', '2:COMPILATION ERROR', '3:COMPILATION ERROR', '4:COMPILATION ERROR', '5:COMPILATION ERROR', 'summary:compilation_error']"
https://github.com/apache/hadoop,hadoop,cc2babc1f75c93bf89a8f10da525f944c15d02ea,hadoop-yarn-project/hadoop-yarn/hadoop-yarn-server/hadoop-yarn-server-timelineservice,org.apache.hadoop.yarn.server.timelineservice.reader.TestTimelineReaderMetrics.testTimelineReaderMetrics,org.apache.hadoop.yarn.server.timelineservice.reader.TestTimelineReaderWebServices.testGetEntitiesByRelations,OD,,,,od_cl_projects/cc2babc1f75c93bf89a8f10da525f944c15d02ea/hadoop/hadoop-yarn-project/hadoop-yarn/hadoop-yarn-server/hadoop-yarn-server-timelineservice/src/test/java/org/apache/hadoop/yarn/server/timelineservice/reader/TestTimelineReaderMetrics.java,od_cl_projects/cc2babc1f75c93bf89a8f10da525f944c15d02ea/hadoop/hadoop-yarn-project/hadoop-yarn/hadoop-yarn-server/hadoop-yarn-server-timelineservice/src/test/java/org/apache/hadoop/yarn/server/timelineservice/reader/TestTimelineReaderWebServices.java,True,,"['0:test failures', '1:test failures', '2:COMPILATION ERROR', '3:COMPILATION ERROR', '4:COMPILATION ERROR', '5:COMPILATION ERROR', 'summary:test_failures']"
https://github.com/apache/hadoop,hadoop,cc2babc1f75c93bf89a8f10da525f944c15d02ea,hadoop-yarn-project/hadoop-yarn/hadoop-yarn-server/hadoop-yarn-server-timelineservice,org.apache.hadoop.yarn.server.timelineservice.reader.TestTimelineReaderMetrics.testTimelineReaderMetrics,org.apache.hadoop.yarn.server.timelineservice.reader.TestTimelineReaderWebServices.testGetEntitiesNoMatch,OD,,,,od_cl_projects/cc2babc1f75c93bf89a8f10da525f944c15d02ea/hadoop/hadoop-yarn-project/hadoop-yarn/hadoop-yarn-server/hadoop-yarn-server-timelineservice/src/test/java/org/apache/hadoop/yarn/server/timelineservice/reader/TestTimelineReaderMetrics.java,od_cl_projects/cc2babc1f75c93bf89a8f10da525f944c15d02ea/hadoop/hadoop-yarn-project/hadoop-yarn/hadoop-yarn-server/hadoop-yarn-server-timelineservice/src/test/java/org/apache/hadoop/yarn/server/timelineservice/reader/TestTimelineReaderWebServices.java,True,,"['0:test failures', '1:COMPILATION ERROR', '2:COMPILATION ERROR', '3:COMPILATION ERROR', '4:COMPILATION ERROR', '5:COMPILATION ERROR', 'summary:compilation_error']"
https://github.com/apache/hadoop,hadoop,cc2babc1f75c93bf89a8f10da525f944c15d02ea,hadoop-yarn-project/hadoop-yarn/hadoop-yarn-server/hadoop-yarn-server-timelineservice,org.apache.hadoop.yarn.server.timelineservice.reader.TestTimelineReaderMetrics.testTimelineReaderMetrics,org.apache.hadoop.yarn.server.timelineservice.reader.TestTimelineReaderWebServices.testGetEntitiesWithLimit,OD,,,,od_cl_projects/cc2babc1f75c93bf89a8f10da525f944c15d02ea/hadoop/hadoop-yarn-project/hadoop-yarn/hadoop-yarn-server/hadoop-yarn-server-timelineservice/src/test/java/org/apache/hadoop/yarn/server/timelineservice/reader/TestTimelineReaderMetrics.java,od_cl_projects/cc2babc1f75c93bf89a8f10da525f944c15d02ea/hadoop/hadoop-yarn-project/hadoop-yarn/hadoop-yarn-server/hadoop-yarn-server-timelineservice/src/test/java/org/apache/hadoop/yarn/server/timelineservice/reader/TestTimelineReaderWebServices.java,True,,"['0:test failures', '1:COMPILATION ERROR', '2:COMPILATION ERROR', '3:COMPILATION ERROR', '4:COMPILATION ERROR', '5:COMPILATION ERROR', 'summary:compilation_error']"
https://github.com/apache/hadoop,hadoop,cc2babc1f75c93bf89a8f10da525f944c15d02ea,hadoop-yarn-project/hadoop-yarn/hadoop-yarn-server/hadoop-yarn-server-timelineservice,org.apache.hadoop.yarn.server.timelineservice.reader.TestTimelineReaderMetrics.testTimelineReaderMetrics,org.apache.hadoop.yarn.server.timelineservice.reader.TestTimelineReaderWebServices.testGetEntityAllFields,OD,,,,od_cl_projects/cc2babc1f75c93bf89a8f10da525f944c15d02ea/hadoop/hadoop-yarn-project/hadoop-yarn/hadoop-yarn-server/hadoop-yarn-server-timelineservice/src/test/java/org/apache/hadoop/yarn/server/timelineservice/reader/TestTimelineReaderMetrics.java,od_cl_projects/cc2babc1f75c93bf89a8f10da525f944c15d02ea/hadoop/hadoop-yarn-project/hadoop-yarn/hadoop-yarn-server/hadoop-yarn-server-timelineservice/src/test/java/org/apache/hadoop/yarn/server/timelineservice/reader/TestTimelineReaderWebServices.java,True,,"['0:test failures', '1:COMPILATION ERROR', '2:COMPILATION ERROR', '3:COMPILATION ERROR', '4:COMPILATION ERROR', '5:COMPILATION ERROR', 'summary:compilation_error']"
https://github.com/apache/hadoop,hadoop,cc2babc1f75c93bf89a8f10da525f944c15d02ea,hadoop-yarn-project/hadoop-yarn/hadoop-yarn-server/hadoop-yarn-server-timelineservice,org.apache.hadoop.yarn.server.timelineservice.reader.TestTimelineReaderMetrics.testTimelineReaderMetrics,org.apache.hadoop.yarn.server.timelineservice.reader.TestTimelineReaderWebServices.testGetEntityCustomFields,OD,,,,od_cl_projects/cc2babc1f75c93bf89a8f10da525f944c15d02ea/hadoop/hadoop-yarn-project/hadoop-yarn/hadoop-yarn-server/hadoop-yarn-server-timelineservice/src/test/java/org/apache/hadoop/yarn/server/timelineservice/reader/TestTimelineReaderMetrics.java,od_cl_projects/cc2babc1f75c93bf89a8f10da525f944c15d02ea/hadoop/hadoop-yarn-project/hadoop-yarn/hadoop-yarn-server/hadoop-yarn-server-timelineservice/src/test/java/org/apache/hadoop/yarn/server/timelineservice/reader/TestTimelineReaderWebServices.java,True,,"['0:test failures', '1:test failures', APIError(message='Bad gateway. {""error"":{""code"":502,""message"":""Bad gateway."",""param"":null,""type"":""cf_bad_gateway""}} 502 {\'error\': {\'code\': 502, \'message\': \'Bad gateway.\', \'param\': None, \'type\': \'cf_bad_gateway\'}} {\'Date\': \'Sun, 24 Sep 2023 12:30:41 GMT\', \'Content-Type\': \'application/json\', \'Content-Length\': \'84\', \'Connection\': \'keep-alive\', \'X-Frame-Options\': \'SAMEORIGIN\', \'Referrer-Policy\': \'same-origin\', \'Cache-Control\': \'private, max-age=0, no-store, no-cache, must-revalidate, post-check=0, pre-check=0\', \'Expires\': \'Thu, 01 Jan 1970 00:00:01 GMT\', \'Server\': \'cloudflare\', \'CF-RAY\': \'80bb09d8fd7b82ba-IAD\', \'alt-svc\': \'h3="":443""; ma=86400\'}', http_status=502, request_id=None)]"
https://github.com/apache/hadoop,hadoop,cc2babc1f75c93bf89a8f10da525f944c15d02ea,hadoop-yarn-project/hadoop-yarn/hadoop-yarn-server/hadoop-yarn-server-timelineservice,org.apache.hadoop.yarn.server.timelineservice.reader.TestTimelineReaderMetrics.testTimelineReaderMetrics,org.apache.hadoop.yarn.server.timelineservice.reader.TestTimelineReaderWebServices.testGetEntityNotPresent,OD,,,,od_cl_projects/cc2babc1f75c93bf89a8f10da525f944c15d02ea/hadoop/hadoop-yarn-project/hadoop-yarn/hadoop-yarn-server/hadoop-yarn-server-timelineservice/src/test/java/org/apache/hadoop/yarn/server/timelineservice/reader/TestTimelineReaderMetrics.java,od_cl_projects/cc2babc1f75c93bf89a8f10da525f944c15d02ea/hadoop/hadoop-yarn-project/hadoop-yarn/hadoop-yarn-server/hadoop-yarn-server-timelineservice/src/test/java/org/apache/hadoop/yarn/server/timelineservice/reader/TestTimelineReaderWebServices.java,True,,"['0:test failures', '1:COMPILATION ERROR', '2:test failures', '3:COMPILATION ERROR', '4:test failures', '5:test failures', 'summary:test_failures']"
https://github.com/apache/hadoop,hadoop,cc2babc1f75c93bf89a8f10da525f944c15d02ea,hadoop-yarn-project/hadoop-yarn/hadoop-yarn-server/hadoop-yarn-server-timelineservice,org.apache.hadoop.yarn.server.timelineservice.reader.TestTimelineReaderMetrics.testTimelineReaderMetrics,org.apache.hadoop.yarn.server.timelineservice.reader.TestTimelineReaderWebServices.testGetEntityWithUserAndFlowInfo,OD,,,,od_cl_projects/cc2babc1f75c93bf89a8f10da525f944c15d02ea/hadoop/hadoop-yarn-project/hadoop-yarn/hadoop-yarn-server/hadoop-yarn-server-timelineservice/src/test/java/org/apache/hadoop/yarn/server/timelineservice/reader/TestTimelineReaderMetrics.java,od_cl_projects/cc2babc1f75c93bf89a8f10da525f944c15d02ea/hadoop/hadoop-yarn-project/hadoop-yarn/hadoop-yarn-server/hadoop-yarn-server-timelineservice/src/test/java/org/apache/hadoop/yarn/server/timelineservice/reader/TestTimelineReaderWebServices.java,True,,"['0:test failures', '1:COMPILATION ERROR', '2:COMPILATION ERROR', '3:COMPILATION ERROR', '4:COMPILATION ERROR', '5:COMPILATION ERROR', 'summary:compilation_error']"
https://github.com/apache/hadoop,hadoop,cc2babc1f75c93bf89a8f10da525f944c15d02ea,hadoop-yarn-project/hadoop-yarn/hadoop-yarn-server/hadoop-yarn-server-timelineservice,org.apache.hadoop.yarn.server.timelineservice.reader.TestTimelineReaderMetrics.testTimelineReaderMetrics,org.apache.hadoop.yarn.server.timelineservice.reader.TestTimelineReaderWebServices.testInvalidValuesHandling,OD,,,,od_cl_projects/cc2babc1f75c93bf89a8f10da525f944c15d02ea/hadoop/hadoop-yarn-project/hadoop-yarn/hadoop-yarn-server/hadoop-yarn-server-timelineservice/src/test/java/org/apache/hadoop/yarn/server/timelineservice/reader/TestTimelineReaderMetrics.java,od_cl_projects/cc2babc1f75c93bf89a8f10da525f944c15d02ea/hadoop/hadoop-yarn-project/hadoop-yarn/hadoop-yarn-server/hadoop-yarn-server-timelineservice/src/test/java/org/apache/hadoop/yarn/server/timelineservice/reader/TestTimelineReaderWebServices.java,True,,"['0:test failures', '1:COMPILATION ERROR', '2:COMPILATION ERROR', '3:COMPILATION ERROR', '4:COMPILATION ERROR', '5:COMPILATION ERROR', 'summary:compilation_error']"
