project_url,sha,module,victim,type,status,PR_link,notes,polluter,polluter_file,victim_file
https://github.com/tbsalling/aismessages,7b0c4c708b6bb9a6da3d5737bcad1857ade8a931,.,dk.tbsalling.aismessages.nmea.NMEAMessageHandlerTest.canHandleFragmentedMessageReceived,OD-Vic,Accepted,https://github.com/tbsalling/aismessages/pull/41,,dk.tbsalling.aismessages.nmea.NMEAMessageHandlerTest.canFlushUnhandled,od_cl_projects/7b0c4c708b6bb9a6da3d5737bcad1857ade8a931/aismessages/src/test/java/dk/tbsalling/aismessages/nmea/NMEAMessageHandlerTest.java,od_cl_projects/7b0c4c708b6bb9a6da3d5737bcad1857ade8a931/aismessages/src/test/java/dk/tbsalling/aismessages/nmea/NMEAMessageHandlerTest.java
https://github.com/tbsalling/aismessages,7b0c4c708b6bb9a6da3d5737bcad1857ade8a931,.,dk.tbsalling.aismessages.nmea.NMEAMessageHandlerTest.canHandleUnfragmentedMessageReceived,OD-Vic,Accepted,https://github.com/tbsalling/aismessages/pull/41,,dk.tbsalling.aismessages.nmea.NMEAMessageHandlerTest.canFlushUnhandled,od_cl_projects/7b0c4c708b6bb9a6da3d5737bcad1857ade8a931/aismessages/src/test/java/dk/tbsalling/aismessages/nmea/NMEAMessageHandlerTest.java,od_cl_projects/7b0c4c708b6bb9a6da3d5737bcad1857ade8a931/aismessages/src/test/java/dk/tbsalling/aismessages/nmea/NMEAMessageHandlerTest.java
https://github.com/vaadin/flow,26aacd3cdf51c7e0a18ae21318d366ce7f91be8a,flow-polymer-template,com.vaadin.flow.component.polymertemplate.NpmTemplateParserTest.should_FindCorrectDataInStats,OD,,,https://github.com/TestingResearchIllinois/flaky-test-dataset/issues/41,com.vaadin.flow.component.polymertemplate.NpmTemplateParserTest.hierarchicalTemplate_templateHasChild_childHasCorrectPosition,od_cl_projects/26aacd3cdf51c7e0a18ae21318d366ce7f91be8a/flow/flow-polymer-template/src/test/java/com/vaadin/flow/component/polymertemplate/NpmTemplateParserTest.java,od_cl_projects/26aacd3cdf51c7e0a18ae21318d366ce7f91be8a/flow/flow-polymer-template/src/test/java/com/vaadin/flow/component/polymertemplate/NpmTemplateParserTest.java
https://github.com/vmware/admiral,e4b02936cc7d4ff2714e7231db0c4373ba5d48a2,request,com.vmware.admiral.request.kubernetes.RequestBrokerKubernetesServiceTest.testRequestStateHasK8sInfo,NIO;OD-Vic,Opened,https://github.com/vmware/admiral/pull/327,RepoArchived,com.vmware.admiral.request.kubernetes.RequestBrokerKubernetesServiceTest.testRequestLifeCycleOnSpecificGroupPlacement,od_cl_projects/e4b02936cc7d4ff2714e7231db0c4373ba5d48a2/admiral/request/src/test/java/com/vmware/admiral/request/kubernetes/RequestBrokerKubernetesServiceTest.java,od_cl_projects/e4b02936cc7d4ff2714e7231db0c4373ba5d48a2/admiral/request/src/test/java/com/vmware/admiral/request/kubernetes/RequestBrokerKubernetesServiceTest.java
https://github.com/wikidata/wikidata-toolkit,20de6f7f12319f54eb962ff6e8357b3f5695d54d,wdtk-util,org.wikidata.wdtk.util.DirectoryManagerFactoryTest.createDirectoryManagerIoException,OD-Vic,Accepted,https://github.com/Wikidata/Wikidata-Toolkit/pull/485,,org.wikidata.wdtk.util.DirectoryManagerFactoryTest.createDirectoryManagerNoConstructor,od_cl_projects/20de6f7f12319f54eb962ff6e8357b3f5695d54d/wikidata-toolkit/wdtk-util/src/test/java/org/wikidata/wdtk/util/DirectoryManagerFactoryTest.java,od_cl_projects/20de6f7f12319f54eb962ff6e8357b3f5695d54d/wikidata-toolkit/wdtk-util/src/test/java/org/wikidata/wdtk/util/DirectoryManagerFactoryTest.java
https://github.com/winder/Universal-G-Code-Sender,4426f71c900ddd4a1eeb3957f3275cedc6312534,ugs-platform/ugs-platform-plugin-cloud-storage,com.willwinder.ugs.nbp.S3FileSystemViewTest.testGetFiles,OD,,,https://github.com/TestingResearchIllinois/flaky-test-dataset/issues/87,com.willwinder.ugs.nbp.S3FileSystemViewTest.testUploadDownloadFile,od_cl_projects/4426f71c900ddd4a1eeb3957f3275cedc6312534/Universal-G-Code-Sender/ugs-platform/ugs-platform-plugin-cloud-storage/src/test/java/com/willwinder/ugs/nbp/S3FileSystemViewTest.java,od_cl_projects/4426f71c900ddd4a1eeb3957f3275cedc6312534/Universal-G-Code-Sender/ugs-platform/ugs-platform-plugin-cloud-storage/src/test/java/com/willwinder/ugs/nbp/S3FileSystemViewTest.java
https://github.com/Activiti/Activiti,b11f757a48600e53aaf3fcb7a3ba1ece6c463cb4,activiti-spring-boot-starter,org.activiti.spring.boot.tasks.TaskRuntimeTaskAssigneeTest.cCreateStandaloneTaskForGroupAndClaim,NIO;OD-Vic,Deleted,,https://github.com/TestingResearchIllinois/flaky-test-dataset/issues/111,org.activiti.spring.boot.tasks.TaskRuntimeDeleteTaskTest.cCreateStandaloneGroupTaskClaimAndDeleteFail,od_cl_projects/b11f757a48600e53aaf3fcb7a3ba1ece6c463cb4/Activiti/activiti-spring-boot-starter/src/test/java/org/activiti/spring/boot/tasks/TaskRuntimeDeleteTaskTest.java,od_cl_projects/b11f757a48600e53aaf3fcb7a3ba1ece6c463cb4/Activiti/activiti-spring-boot-starter/src/test/java/org/activiti/spring/boot/tasks/TaskRuntimeTaskAssigneeTest.java
https://github.com/Activiti/Activiti,b11f757a48600e53aaf3fcb7a3ba1ece6c463cb4,activiti-spring-boot-starter,org.activiti.spring.boot.tasks.TaskRuntimeUnAuthorizedTest.aCreateStandaloneTaskForGroup,NIO;OD-Vic,Deleted,,https://github.com/TestingResearchIllinois/flaky-test-dataset/issues/111,org.activiti.spring.boot.tasks.TaskRuntimeTaskAssigneeTest.aCreateStandaloneTaskForAnotherAssignee,od_cl_projects/b11f757a48600e53aaf3fcb7a3ba1ece6c463cb4/Activiti/activiti-spring-boot-starter/src/test/java/org/activiti/spring/boot/tasks/TaskRuntimeTaskAssigneeTest.java,od_cl_projects/b11f757a48600e53aaf3fcb7a3ba1ece6c463cb4/Activiti/activiti-spring-boot-starter/src/test/java/org/activiti/spring/boot/tasks/TaskRuntimeUnAuthorizedTest.java
https://github.com/apache/hadoop,cc2babc1f75c93bf89a8f10da525f944c15d02ea,hadoop-yarn-project/hadoop-yarn/hadoop-yarn-server/hadoop-yarn-server-timelineservice,org.apache.hadoop.yarn.server.timelineservice.reader.TestTimelineReaderWebServices.testAbout,OD,,,,org.apache.hadoop.yarn.server.timelineservice.reader.TestTimelineReaderMetrics.testTimelineReaderMetrics,od_cl_projects/cc2babc1f75c93bf89a8f10da525f944c15d02ea/hadoop/hadoop-yarn-project/hadoop-yarn/hadoop-yarn-server/hadoop-yarn-server-timelineservice/src/test/java/org/apache/hadoop/yarn/server/timelineservice/reader/TestTimelineReaderMetrics.java,od_cl_projects/cc2babc1f75c93bf89a8f10da525f944c15d02ea/hadoop/hadoop-yarn-project/hadoop-yarn/hadoop-yarn-server/hadoop-yarn-server-timelineservice/src/test/java/org/apache/hadoop/yarn/server/timelineservice/reader/TestTimelineReaderWebServices.java
https://github.com/apache/hadoop,cc2babc1f75c93bf89a8f10da525f944c15d02ea,hadoop-yarn-project/hadoop-yarn/hadoop-yarn-server/hadoop-yarn-server-timelineservice,org.apache.hadoop.yarn.server.timelineservice.reader.TestTimelineReaderWebServices.testGetAppAttempt,OD,,,,org.apache.hadoop.yarn.server.timelineservice.reader.TestTimelineReaderMetrics.testTimelineReaderMetrics,od_cl_projects/cc2babc1f75c93bf89a8f10da525f944c15d02ea/hadoop/hadoop-yarn-project/hadoop-yarn/hadoop-yarn-server/hadoop-yarn-server-timelineservice/src/test/java/org/apache/hadoop/yarn/server/timelineservice/reader/TestTimelineReaderMetrics.java,od_cl_projects/cc2babc1f75c93bf89a8f10da525f944c15d02ea/hadoop/hadoop-yarn-project/hadoop-yarn/hadoop-yarn-server/hadoop-yarn-server-timelineservice/src/test/java/org/apache/hadoop/yarn/server/timelineservice/reader/TestTimelineReaderWebServices.java
https://github.com/apache/hadoop,cc2babc1f75c93bf89a8f10da525f944c15d02ea,hadoop-yarn-project/hadoop-yarn/hadoop-yarn-server/hadoop-yarn-server-timelineservice,org.apache.hadoop.yarn.server.timelineservice.reader.TestTimelineReaderWebServices.testGetAppAttempts,OD,,,,org.apache.hadoop.yarn.server.timelineservice.reader.TestTimelineReaderMetrics.testTimelineReaderMetrics,od_cl_projects/cc2babc1f75c93bf89a8f10da525f944c15d02ea/hadoop/hadoop-yarn-project/hadoop-yarn/hadoop-yarn-server/hadoop-yarn-server-timelineservice/src/test/java/org/apache/hadoop/yarn/server/timelineservice/reader/TestTimelineReaderMetrics.java,od_cl_projects/cc2babc1f75c93bf89a8f10da525f944c15d02ea/hadoop/hadoop-yarn-project/hadoop-yarn/hadoop-yarn-server/hadoop-yarn-server-timelineservice/src/test/java/org/apache/hadoop/yarn/server/timelineservice/reader/TestTimelineReaderWebServices.java
https://github.com/apache/hadoop,cc2babc1f75c93bf89a8f10da525f944c15d02ea,hadoop-yarn-project/hadoop-yarn/hadoop-yarn-server/hadoop-yarn-server-timelineservice,org.apache.hadoop.yarn.server.timelineservice.reader.TestTimelineReaderWebServices.testGetContainer,OD,,,,org.apache.hadoop.yarn.server.timelineservice.reader.TestTimelineReaderMetrics.testTimelineReaderMetrics,od_cl_projects/cc2babc1f75c93bf89a8f10da525f944c15d02ea/hadoop/hadoop-yarn-project/hadoop-yarn/hadoop-yarn-server/hadoop-yarn-server-timelineservice/src/test/java/org/apache/hadoop/yarn/server/timelineservice/reader/TestTimelineReaderMetrics.java,od_cl_projects/cc2babc1f75c93bf89a8f10da525f944c15d02ea/hadoop/hadoop-yarn-project/hadoop-yarn/hadoop-yarn-server/hadoop-yarn-server-timelineservice/src/test/java/org/apache/hadoop/yarn/server/timelineservice/reader/TestTimelineReaderWebServices.java
https://github.com/apache/hadoop,cc2babc1f75c93bf89a8f10da525f944c15d02ea,hadoop-yarn-project/hadoop-yarn/hadoop-yarn-server/hadoop-yarn-server-timelineservice,org.apache.hadoop.yarn.server.timelineservice.reader.TestTimelineReaderWebServices.testGetContainers,OD,,,,org.apache.hadoop.yarn.server.timelineservice.reader.TestTimelineReaderMetrics.testTimelineReaderMetrics,od_cl_projects/cc2babc1f75c93bf89a8f10da525f944c15d02ea/hadoop/hadoop-yarn-project/hadoop-yarn/hadoop-yarn-server/hadoop-yarn-server-timelineservice/src/test/java/org/apache/hadoop/yarn/server/timelineservice/reader/TestTimelineReaderMetrics.java,od_cl_projects/cc2babc1f75c93bf89a8f10da525f944c15d02ea/hadoop/hadoop-yarn-project/hadoop-yarn/hadoop-yarn-server/hadoop-yarn-server-timelineservice/src/test/java/org/apache/hadoop/yarn/server/timelineservice/reader/TestTimelineReaderWebServices.java
https://github.com/apache/hadoop,cc2babc1f75c93bf89a8f10da525f944c15d02ea,hadoop-yarn-project/hadoop-yarn/hadoop-yarn-server/hadoop-yarn-server-timelineservice,org.apache.hadoop.yarn.server.timelineservice.reader.TestTimelineReaderWebServices.testGetEntities,OD,,,,org.apache.hadoop.yarn.server.timelineservice.reader.TestTimelineReaderMetrics.testTimelineReaderMetrics,od_cl_projects/cc2babc1f75c93bf89a8f10da525f944c15d02ea/hadoop/hadoop-yarn-project/hadoop-yarn/hadoop-yarn-server/hadoop-yarn-server-timelineservice/src/test/java/org/apache/hadoop/yarn/server/timelineservice/reader/TestTimelineReaderMetrics.java,od_cl_projects/cc2babc1f75c93bf89a8f10da525f944c15d02ea/hadoop/hadoop-yarn-project/hadoop-yarn/hadoop-yarn-server/hadoop-yarn-server-timelineservice/src/test/java/org/apache/hadoop/yarn/server/timelineservice/reader/TestTimelineReaderWebServices.java
https://github.com/apache/hadoop,cc2babc1f75c93bf89a8f10da525f944c15d02ea,hadoop-yarn-project/hadoop-yarn/hadoop-yarn-server/hadoop-yarn-server-timelineservice,org.apache.hadoop.yarn.server.timelineservice.reader.TestTimelineReaderWebServices.testGetEntitiesBasedOnCreatedTime,OD,,,,org.apache.hadoop.yarn.server.timelineservice.reader.TestTimelineReaderMetrics.testTimelineReaderMetrics,od_cl_projects/cc2babc1f75c93bf89a8f10da525f944c15d02ea/hadoop/hadoop-yarn-project/hadoop-yarn/hadoop-yarn-server/hadoop-yarn-server-timelineservice/src/test/java/org/apache/hadoop/yarn/server/timelineservice/reader/TestTimelineReaderMetrics.java,od_cl_projects/cc2babc1f75c93bf89a8f10da525f944c15d02ea/hadoop/hadoop-yarn-project/hadoop-yarn/hadoop-yarn-server/hadoop-yarn-server-timelineservice/src/test/java/org/apache/hadoop/yarn/server/timelineservice/reader/TestTimelineReaderWebServices.java
https://github.com/apache/hadoop,cc2babc1f75c93bf89a8f10da525f944c15d02ea,hadoop-yarn-project/hadoop-yarn/hadoop-yarn-server/hadoop-yarn-server-timelineservice,org.apache.hadoop.yarn.server.timelineservice.reader.TestTimelineReaderWebServices.testGetEntitiesByConfigFilters,OD,,,,org.apache.hadoop.yarn.server.timelineservice.reader.TestTimelineReaderMetrics.testTimelineReaderMetrics,od_cl_projects/cc2babc1f75c93bf89a8f10da525f944c15d02ea/hadoop/hadoop-yarn-project/hadoop-yarn/hadoop-yarn-server/hadoop-yarn-server-timelineservice/src/test/java/org/apache/hadoop/yarn/server/timelineservice/reader/TestTimelineReaderMetrics.java,od_cl_projects/cc2babc1f75c93bf89a8f10da525f944c15d02ea/hadoop/hadoop-yarn-project/hadoop-yarn/hadoop-yarn-server/hadoop-yarn-server-timelineservice/src/test/java/org/apache/hadoop/yarn/server/timelineservice/reader/TestTimelineReaderWebServices.java
https://github.com/apache/hadoop,cc2babc1f75c93bf89a8f10da525f944c15d02ea,hadoop-yarn-project/hadoop-yarn/hadoop-yarn-server/hadoop-yarn-server-timelineservice,org.apache.hadoop.yarn.server.timelineservice.reader.TestTimelineReaderWebServices.testGetEntitiesByEventFilters,OD,,,,org.apache.hadoop.yarn.server.timelineservice.reader.TestTimelineReaderMetrics.testTimelineReaderMetrics,od_cl_projects/cc2babc1f75c93bf89a8f10da525f944c15d02ea/hadoop/hadoop-yarn-project/hadoop-yarn/hadoop-yarn-server/hadoop-yarn-server-timelineservice/src/test/java/org/apache/hadoop/yarn/server/timelineservice/reader/TestTimelineReaderMetrics.java,od_cl_projects/cc2babc1f75c93bf89a8f10da525f944c15d02ea/hadoop/hadoop-yarn-project/hadoop-yarn/hadoop-yarn-server/hadoop-yarn-server-timelineservice/src/test/java/org/apache/hadoop/yarn/server/timelineservice/reader/TestTimelineReaderWebServices.java
https://github.com/apache/hadoop,cc2babc1f75c93bf89a8f10da525f944c15d02ea,hadoop-yarn-project/hadoop-yarn/hadoop-yarn-server/hadoop-yarn-server-timelineservice,org.apache.hadoop.yarn.server.timelineservice.reader.TestTimelineReaderWebServices.testGetEntitiesByInfoFilters,OD,,,,org.apache.hadoop.yarn.server.timelineservice.reader.TestTimelineReaderMetrics.testTimelineReaderMetrics,od_cl_projects/cc2babc1f75c93bf89a8f10da525f944c15d02ea/hadoop/hadoop-yarn-project/hadoop-yarn/hadoop-yarn-server/hadoop-yarn-server-timelineservice/src/test/java/org/apache/hadoop/yarn/server/timelineservice/reader/TestTimelineReaderMetrics.java,od_cl_projects/cc2babc1f75c93bf89a8f10da525f944c15d02ea/hadoop/hadoop-yarn-project/hadoop-yarn/hadoop-yarn-server/hadoop-yarn-server-timelineservice/src/test/java/org/apache/hadoop/yarn/server/timelineservice/reader/TestTimelineReaderWebServices.java
https://github.com/apache/hadoop,cc2babc1f75c93bf89a8f10da525f944c15d02ea,hadoop-yarn-project/hadoop-yarn/hadoop-yarn-server/hadoop-yarn-server-timelineservice,org.apache.hadoop.yarn.server.timelineservice.reader.TestTimelineReaderWebServices.testGetEntitiesByMetricFilters,OD,,,,org.apache.hadoop.yarn.server.timelineservice.reader.TestTimelineReaderMetrics.testTimelineReaderMetrics,od_cl_projects/cc2babc1f75c93bf89a8f10da525f944c15d02ea/hadoop/hadoop-yarn-project/hadoop-yarn/hadoop-yarn-server/hadoop-yarn-server-timelineservice/src/test/java/org/apache/hadoop/yarn/server/timelineservice/reader/TestTimelineReaderMetrics.java,od_cl_projects/cc2babc1f75c93bf89a8f10da525f944c15d02ea/hadoop/hadoop-yarn-project/hadoop-yarn/hadoop-yarn-server/hadoop-yarn-server-timelineservice/src/test/java/org/apache/hadoop/yarn/server/timelineservice/reader/TestTimelineReaderWebServices.java
https://github.com/apache/hadoop,cc2babc1f75c93bf89a8f10da525f944c15d02ea,hadoop-yarn-project/hadoop-yarn/hadoop-yarn-server/hadoop-yarn-server-timelineservice,org.apache.hadoop.yarn.server.timelineservice.reader.TestTimelineReaderWebServices.testGetEntitiesByRelations,OD,,,,org.apache.hadoop.yarn.server.timelineservice.reader.TestTimelineReaderMetrics.testTimelineReaderMetrics,od_cl_projects/cc2babc1f75c93bf89a8f10da525f944c15d02ea/hadoop/hadoop-yarn-project/hadoop-yarn/hadoop-yarn-server/hadoop-yarn-server-timelineservice/src/test/java/org/apache/hadoop/yarn/server/timelineservice/reader/TestTimelineReaderMetrics.java,od_cl_projects/cc2babc1f75c93bf89a8f10da525f944c15d02ea/hadoop/hadoop-yarn-project/hadoop-yarn/hadoop-yarn-server/hadoop-yarn-server-timelineservice/src/test/java/org/apache/hadoop/yarn/server/timelineservice/reader/TestTimelineReaderWebServices.java
https://github.com/apache/hadoop,cc2babc1f75c93bf89a8f10da525f944c15d02ea,hadoop-yarn-project/hadoop-yarn/hadoop-yarn-server/hadoop-yarn-server-timelineservice,org.apache.hadoop.yarn.server.timelineservice.reader.TestTimelineReaderWebServices.testGetEntitiesNoMatch,OD,,,,org.apache.hadoop.yarn.server.timelineservice.reader.TestTimelineReaderMetrics.testTimelineReaderMetrics,od_cl_projects/cc2babc1f75c93bf89a8f10da525f944c15d02ea/hadoop/hadoop-yarn-project/hadoop-yarn/hadoop-yarn-server/hadoop-yarn-server-timelineservice/src/test/java/org/apache/hadoop/yarn/server/timelineservice/reader/TestTimelineReaderMetrics.java,od_cl_projects/cc2babc1f75c93bf89a8f10da525f944c15d02ea/hadoop/hadoop-yarn-project/hadoop-yarn/hadoop-yarn-server/hadoop-yarn-server-timelineservice/src/test/java/org/apache/hadoop/yarn/server/timelineservice/reader/TestTimelineReaderWebServices.java
https://github.com/apache/hadoop,cc2babc1f75c93bf89a8f10da525f944c15d02ea,hadoop-yarn-project/hadoop-yarn/hadoop-yarn-server/hadoop-yarn-server-timelineservice,org.apache.hadoop.yarn.server.timelineservice.reader.TestTimelineReaderWebServices.testGetEntitiesWithLimit,OD,,,,org.apache.hadoop.yarn.server.timelineservice.reader.TestTimelineReaderMetrics.testTimelineReaderMetrics,od_cl_projects/cc2babc1f75c93bf89a8f10da525f944c15d02ea/hadoop/hadoop-yarn-project/hadoop-yarn/hadoop-yarn-server/hadoop-yarn-server-timelineservice/src/test/java/org/apache/hadoop/yarn/server/timelineservice/reader/TestTimelineReaderMetrics.java,od_cl_projects/cc2babc1f75c93bf89a8f10da525f944c15d02ea/hadoop/hadoop-yarn-project/hadoop-yarn/hadoop-yarn-server/hadoop-yarn-server-timelineservice/src/test/java/org/apache/hadoop/yarn/server/timelineservice/reader/TestTimelineReaderWebServices.java
https://github.com/apache/hadoop,cc2babc1f75c93bf89a8f10da525f944c15d02ea,hadoop-yarn-project/hadoop-yarn/hadoop-yarn-server/hadoop-yarn-server-timelineservice,org.apache.hadoop.yarn.server.timelineservice.reader.TestTimelineReaderWebServices.testGetEntityAllFields,OD,,,,org.apache.hadoop.yarn.server.timelineservice.reader.TestTimelineReaderMetrics.testTimelineReaderMetrics,od_cl_projects/cc2babc1f75c93bf89a8f10da525f944c15d02ea/hadoop/hadoop-yarn-project/hadoop-yarn/hadoop-yarn-server/hadoop-yarn-server-timelineservice/src/test/java/org/apache/hadoop/yarn/server/timelineservice/reader/TestTimelineReaderMetrics.java,od_cl_projects/cc2babc1f75c93bf89a8f10da525f944c15d02ea/hadoop/hadoop-yarn-project/hadoop-yarn/hadoop-yarn-server/hadoop-yarn-server-timelineservice/src/test/java/org/apache/hadoop/yarn/server/timelineservice/reader/TestTimelineReaderWebServices.java
https://github.com/apache/hadoop,cc2babc1f75c93bf89a8f10da525f944c15d02ea,hadoop-yarn-project/hadoop-yarn/hadoop-yarn-server/hadoop-yarn-server-timelineservice,org.apache.hadoop.yarn.server.timelineservice.reader.TestTimelineReaderWebServices.testGetEntityNotPresent,OD,,,,org.apache.hadoop.yarn.server.timelineservice.reader.TestTimelineReaderMetrics.testTimelineReaderMetrics,od_cl_projects/cc2babc1f75c93bf89a8f10da525f944c15d02ea/hadoop/hadoop-yarn-project/hadoop-yarn/hadoop-yarn-server/hadoop-yarn-server-timelineservice/src/test/java/org/apache/hadoop/yarn/server/timelineservice/reader/TestTimelineReaderMetrics.java,od_cl_projects/cc2babc1f75c93bf89a8f10da525f944c15d02ea/hadoop/hadoop-yarn-project/hadoop-yarn/hadoop-yarn-server/hadoop-yarn-server-timelineservice/src/test/java/org/apache/hadoop/yarn/server/timelineservice/reader/TestTimelineReaderWebServices.java
https://github.com/apache/hadoop,cc2babc1f75c93bf89a8f10da525f944c15d02ea,hadoop-yarn-project/hadoop-yarn/hadoop-yarn-server/hadoop-yarn-server-timelineservice,org.apache.hadoop.yarn.server.timelineservice.reader.TestTimelineReaderWebServices.testGetEntityWithUserAndFlowInfo,OD,,,,org.apache.hadoop.yarn.server.timelineservice.reader.TestTimelineReaderMetrics.testTimelineReaderMetrics,od_cl_projects/cc2babc1f75c93bf89a8f10da525f944c15d02ea/hadoop/hadoop-yarn-project/hadoop-yarn/hadoop-yarn-server/hadoop-yarn-server-timelineservice/src/test/java/org/apache/hadoop/yarn/server/timelineservice/reader/TestTimelineReaderMetrics.java,od_cl_projects/cc2babc1f75c93bf89a8f10da525f944c15d02ea/hadoop/hadoop-yarn-project/hadoop-yarn/hadoop-yarn-server/hadoop-yarn-server-timelineservice/src/test/java/org/apache/hadoop/yarn/server/timelineservice/reader/TestTimelineReaderWebServices.java
https://github.com/apache/hadoop,cc2babc1f75c93bf89a8f10da525f944c15d02ea,hadoop-yarn-project/hadoop-yarn/hadoop-yarn-server/hadoop-yarn-server-timelineservice,org.apache.hadoop.yarn.server.timelineservice.reader.TestTimelineReaderWebServices.testInvalidValuesHandling,OD,,,,org.apache.hadoop.yarn.server.timelineservice.reader.TestTimelineReaderMetrics.testTimelineReaderMetrics,od_cl_projects/cc2babc1f75c93bf89a8f10da525f944c15d02ea/hadoop/hadoop-yarn-project/hadoop-yarn/hadoop-yarn-server/hadoop-yarn-server-timelineservice/src/test/java/org/apache/hadoop/yarn/server/timelineservice/reader/TestTimelineReaderMetrics.java,od_cl_projects/cc2babc1f75c93bf89a8f10da525f944c15d02ea/hadoop/hadoop-yarn-project/hadoop-yarn/hadoop-yarn-server/hadoop-yarn-server-timelineservice/src/test/java/org/apache/hadoop/yarn/server/timelineservice/reader/TestTimelineReaderWebServices.java
