https://github.com/espertechinc/esper,50eddcdc2e7894de20309cd0b6f585110e4bc61b,common,com.espertech.esper.common.client.configuration.TestConfiguration.testFile,ID,Accepted,https://github.com/espertechinc/esper/pull/227,commit:https://github.com/espertechinc/esper/commit/cf8535af39ad50fd9cbb53cd90904796218039c8,/home/azureuser/flaky/projects/50eddcdc2e7894de20309cd0b6f585110e4bc61b/esper/common/src/test/java/com/espertech/esper/common/client/configuration/TestConfiguration.java,,,"['0:BUILD FAILURE', 'original test not compilable, or build failure, or incorrect test name']"
https://github.com/flowable/flowable-engine,399ab58c5c29b2437c56f5418d8610bc3fb3381d,modules/flowable-engine,org.flowable.engine.test.api.runtime.changestate.ChangeStateForGatewaysTest.testSetCurrentActivityToMultipleActivitiesForParallelGateway,ID,Accepted,https://github.com/flowable/flowable-engine/pull/2197,,/home/azureuser/flaky/projects/399ab58c5c29b2437c56f5418d8610bc3fb3381d/flowable-engine/modules/flowable-engine/src/test/java/org/flowable/engine/test/api/runtime/changestate/ChangeStateForGatewaysTest.java,,,"['0:test pass', 'original test not flaky']"
https://github.com/FasterXML/jackson-jaxrs-providers,fcc3e957b9d9d71ead4765f9181df6b11f09d1ec,base,com.fasterxml.jackson.jaxrs.base.cfg.AnnotationBundleKeyTest.testWithClassAnnotations,ID,Accepted,https://github.com/FasterXML/jackson-jaxrs-providers/pull/152,,/home/azureuser/flaky/projects/fcc3e957b9d9d71ead4765f9181df6b11f09d1ec/jackson-jaxrs-providers/base/src/test/java/com/fasterxml/jackson/jaxrs/base/cfg/AnnotationBundleKeyTest.java,,,"['0:COMPILATION ERROR', 'original test not compilable, or build failure, or incorrect test name']"
https://github.com/stargate/stargate,1bb3eae8bce3eac8a54ced8054180932312b16f3,persistence-api,io.stargate.db.schema.ColumnTest.testToStringWithCollections,ID,Accepted,https://github.com/stargate/stargate/pull/1383,,/home/azureuser/flaky/projects/1bb3eae8bce3eac8a54ced8054180932312b16f3/stargate/persistence-api/src/test/java/io/stargate/db/schema/ColumnTest.java,True,,"['0:test failures', 'simple_result_before:COMPILATION ERROR', '1:COMPILATION ERROR', '2:test failures', '3:test failures', '4:test failures', '5:test failures', 'summary:test_failures']"
https://github.com/spring-projects/spring-data-keyvalue,8f1c0ece243fff61864db065e1a87e6fa95f3960,.,org.springframework.data.map.MapKeyValueAdapterUnitTests.scanShouldIterateOverAvailableEntries,ID,Opened,https://github.com/spring-projects/spring-data-keyvalue/pull/407,,/home/azureuser/flaky/projects/8f1c0ece243fff61864db065e1a87e6fa95f3960/spring-data-keyvalue/src/test/java/org/springframework/data/map/MapKeyValueAdapterUnitTests.java,,,"['0:BUILD FAILURE', 'original test not compilable, or build failure, or incorrect test name']"
https://github.com/apache/servicecomb-java-chassis,eb2961c6b4339c1c34622241cfb5f730fcd35a13,swagger/swagger-generator,org.apache.servicecomb.swagger.generator.core.TestOperationGenerator.apiOperationThenResponse,ID,Accepted,https://github.com/apache/servicecomb-java-chassis/pull/3450,,/home/azureuser/flaky/projects/eb2961c6b4339c1c34622241cfb5f730fcd35a13/servicecomb-java-chassis/swagger/swagger-generator/generator-core/src/test/java/org/apache/servicecomb/swagger/generator/core/TestOperationGenerator.java,,,"['0:BUILD FAILURE', 'original test not compilable, or build failure, or incorrect test name']"
https://github.com/vipshop/vjtools,60c743da35913d72f37f2d79afa90ad2bf73cb89,vjkit,com.vip.vjtools.vjkit.mapper.JsonMapperTest.jsonp,ID,Accepted,https://github.com/vipshop/vjtools/pull/168,,/home/azureuser/flaky/projects/60c743da35913d72f37f2d79afa90ad2bf73cb89/vjtools/vjkit/src/test/java/com/vip/vjtools/vjkit/mapper/JsonMapperTest.java,True,/home/azureuser/flaky/IDx2/3868ce94e11fe3e438ac0a2d14100161d0a716fa/goodPatches/vjtools/60c743da35913d72f37f2d79afa90ad2bf73cb89/vjkit/com.vip.vjtools.vjkit.mapper.JsonMapperTest.jsonp/2.patch,"['0:test failures', 'simple_result_before:COMPILATION ERROR', '1:COMPILATION ERROR', '2:test pass', 'summary:good fix']"
https://github.com/twilio/authy-java,394f11bea2ec438e6e6e7eb084497ae6fdf90ab6,.,com.authy.api.UserStatusTest.testToJSON,ID,Opened,https://github.com/twilio/authy-java/pull/70,RepoArchived,/home/azureuser/flaky/projects/394f11bea2ec438e6e6e7eb084497ae6fdf90ab6/authy-java/src/test/java/com/authy/api/UserStatusTest.java,True,/home/azureuser/flaky/IDx2/3868ce94e11fe3e438ac0a2d14100161d0a716fa/goodPatches/authy-java/394f11bea2ec438e6e6e7eb084497ae6fdf90ab6/./com.authy.api.UserStatusTest.testToJSON/1.patch,"['0:test failures', 'simple_result_before:test pass', '1:test pass', 'summary:good fix']"
https://github.com/apache/druid,50963edcae70150f13520b619f167512d951a71b,extensions-contrib/aliyun-oss-extensions,org.apache.druid.storage.aliyun.OssDataSegmentPusherConfigTest.testSerialization,ID,Opened,https://github.com/apache/druid/pull/13473,https://github.com/apache/druid/issues/13472,/home/azureuser/flaky/projects/50963edcae70150f13520b619f167512d951a71b/druid/extensions-contrib/aliyun-oss-extensions/src/test/java/org/apache/druid/storage/aliyun/OssDataSegmentPusherConfigTest.java,,,"['0:BUILD FAILURE', 'original test not compilable, or build failure, or incorrect test name']"
https://github.com/amzn/amazon-hub-counter-sdk-java,c8d1be1f81539a3aebd31290441c8a9f602ca3d9,.,com.amazon.hub.counter.AmazonHubCounterFeedAPITest.postFeedSerializationTest,ID,Opened,https://github.com/amzn/amazon-hub-counter-sdk-java/pull/2,,/home/azureuser/flaky/projects/c8d1be1f81539a3aebd31290441c8a9f602ca3d9/amazon-hub-counter-sdk-java/src/test/java/com/amazon/hub/counter/AmazonHubCounterFeedAPITest.java,True,/home/azureuser/flaky/IDx2/3868ce94e11fe3e438ac0a2d14100161d0a716fa/goodPatches/amazon-hub-counter-sdk-java/c8d1be1f81539a3aebd31290441c8a9f602ca3d9/./com.amazon.hub.counter.AmazonHubCounterFeedAPITest.postFeedSerializationTest/1.patch,"['0:test failures', 'simple_result_before:test pass', '1:test pass', 'summary:good fix']"
https://github.com/stleary/JSON-java,a57eff26d53418c50f6989031a74a153235f62c5,.,org.json.junit.JSONMLTest.testToJSONObject_reversibility,ID,Rejected,https://github.com/stleary/JSON-java/pull/693,,/home/azureuser/flaky/projects/a57eff26d53418c50f6989031a74a153235f62c5/JSON-java/src/test/java/org/json/junit/JSONMLTest.java,True,,"['0:test failures', 'simple_result_before:COMPILATION ERROR', '1:COMPILATION ERROR', '2:COMPILATION ERROR', '3:COMPILATION ERROR', APIError(message='HTTP code 502 from API (<html>\r\n<head><title>502 Bad Gateway</title></head>\r\n<body>\r\n<center><h1>502 Bad Gateway</h1></center>\r\n<hr><center>cloudflare</center>\r\n</body>\r\n</html>\r\n)', http_status=502, request_id=None)]"
https://github.com/apache/nifi,2bd752d868a8f3e36113b078bb576cf054e945e8,nifi-nar-bundles/nifi-framework-bundle/nifi-framework/nifi-framework-cluster,org.apache.nifi.cluster.coordination.http.replication.okhttp.TestJsonEntitySerializer.testBulletinEntity,ID,Accepted,https://github.com/apache/nifi/pull/6515,,/home/azureuser/flaky/projects/2bd752d868a8f3e36113b078bb576cf054e945e8/nifi/nifi-nar-bundles/nifi-framework-bundle/nifi-framework/nifi-framework-cluster/src/test/java/org/apache/nifi/cluster/coordination/http/replication/okhttp/TestJsonEntitySerializer.java,True,/home/azureuser/flaky/IDx2/3868ce94e11fe3e438ac0a2d14100161d0a716fa/goodPatches/nifi/2bd752d868a8f3e36113b078bb576cf054e945e8/nifi-nar-bundles/nifi-framework-bundle/nifi-framework/nifi-framework-cluster/org.apache.nifi.cluster.coordination.http.replication.okhttp.TestJsonEntitySerializer.testBulletinEntity/1.patch,"['0:test failures', 'simple_result_before:test pass', '1:test pass', 'summary:good fix']"
https://github.com/graphhopper/graphhopper,91f1a89a0b515328109a659e445b1008d9db8769,isochrone,com.graphhopper.isochrone.algorithm.IsochroneTest.testSearch,ID,MovedOrRenamed,,https://github.com/graphhopper/graphhopper/commit/e4eddf940bcd0383864d9176741941b9341c8fda,/home/azureuser/flaky/projects/91f1a89a0b515328109a659e445b1008d9db8769/graphhopper/isochrone/src/test/java/com/graphhopper/isochrone/algorithm/IsochroneTest.java,True,/home/azureuser/flaky/IDx2/3868ce94e11fe3e438ac0a2d14100161d0a716fa/goodPatches/graphhopper/91f1a89a0b515328109a659e445b1008d9db8769/isochrone/com.graphhopper.isochrone.algorithm.IsochroneTest.testSearch/4.patch,"['0:test failures', 'simple_result_before:COMPILATION ERROR', '1:COMPILATION ERROR', '2:COMPILATION ERROR', '3:test failures', '4:test pass', 'summary:good fix']"
https://github.com/rest-assured/rest-assured,d3602d9a24e3bfef0c7367fe3c6f589b4147f0e7,json-path,io.restassured.path.json.JsonPathTest.jsonPathSupportsPrettifiyingJson,ID,Accepted,https://github.com/rest-assured/rest-assured/pull/1215,,/home/azureuser/flaky/projects/d3602d9a24e3bfef0c7367fe3c6f589b4147f0e7/rest-assured/json-path/src/test/java/io/restassured/path/json/JsonPathTest.java,True,,"['0:test failures', 'simple_result_before:COMPILATION ERROR', '1:COMPILATION ERROR', '2:COMPILATION ERROR', '3:COMPILATION ERROR', '4:COMPILATION ERROR', '5:COMPILATION ERROR', 'summary:compilation_error']"
https://github.com/rest-assured/rest-assured,d3602d9a24e3bfef0c7367fe3c6f589b4147f0e7,modules/spring-mock-mvc,io.restassured.module.mockmvc.LoggingIfValidationFailsTest.logging_of_both_request_and_response_validation_works_when_test_fails,ID,Accepted,https://github.com/rest-assured/rest-assured/pull/1215,,/home/azureuser/flaky/projects/d3602d9a24e3bfef0c7367fe3c6f589b4147f0e7/rest-assured/modules/spring-mock-mvc/src/test/java/io/restassured/module/mockmvc/LoggingIfValidationFailsTest.java,True,,"['0:test failures', 'simple_result_before:COMPILATION ERROR', '1:COMPILATION ERROR', '2:COMPILATION ERROR', '3:BUILD FAILURE', '4:COMPILATION ERROR', '5:COMPILATION ERROR', 'summary:compilation_error']"
https://github.com/FasterXML/jackson-dataformats-text,a88ae3c41589a21eb4df6049982620ebb152de97,yaml,com.fasterxml.jackson.dataformat.yaml.misc.ObjectIdTest.testNativeSerialization,ID,Accepted,https://github.com/FasterXML/jackson-dataformats-text/pull/294,,/home/azureuser/flaky/projects/a88ae3c41589a21eb4df6049982620ebb152de97/jackson-dataformats-text/yaml/src/test/java/com/fasterxml/jackson/dataformat/yaml/misc/ObjectIdTest.java,True,,"['0:test failures', 'simple_result_before:COMPILATION ERROR', '1:COMPILATION ERROR', '2:test failures', '3:COMPILATION ERROR', '4:COMPILATION ERROR', '5:test failures', 'summary:test_failures']"
https://github.com/apache/incubator-shardingsphere,038232e9b2f7fb22ccf50c04b74fb900732b345d,sharding-jdbc/sharding-jdbc-core,org.apache.shardingsphere.shardingjdbc.jdbc.core.datasource.MasterSlaveDataSourceTest.assertGetDatabaseProductName,ID,Accepted,https://github.com/apache/incubator-shardingsphere/pull/3072,,/home/azureuser/flaky/projects/038232e9b2f7fb22ccf50c04b74fb900732b345d/incubator-shardingsphere/sharding-jdbc/sharding-jdbc-core/src/test/java/org/apache/shardingsphere/shardingjdbc/jdbc/core/datasource/MasterSlaveDataSourceTest.java,True,,"['0:test failures', 'simple_result_before:test failures', '1:test failures', '2:COMPILATION ERROR', '3:test failures', '4:test failures', '5:test failures', 'summary:test_failures']"
https://github.com/apache/cloudstack,47a5acd8529104a9b40b5bcf3317e789ac66966f,api,rg.apache.cloudstack.api.command.test.ResetVMUserDataCmdTest.testUserdataDetails,ID,Accepted,https://github.com/apache/cloudstack/pull/6967,,/home/azureuser/flaky/projects/47a5acd8529104a9b40b5bcf3317e789ac66966f/cloudstack/api/src/test/java/org/apache/cloudstack/api/command/test/ResetVMUserDataCmdTest.java,,,"['0:BUILD FAILURE', 'original test not compilable, or build failure, or incorrect test name']"
https://github.com/hneemann/Digital,ce65635267a64ab4b4f8e6ce85441dcf1af3644f,.,de.neemann.digital.core.memory.DataFieldConverterTest.testMarshalObj2,ID,Opened,https://github.com/hneemann/Digital/pull/876,,/home/azureuser/flaky/projects/ce65635267a64ab4b4f8e6ce85441dcf1af3644f/Digital/src/test/java/de/neemann/digital/core/memory/DataFieldConverterTest.java,True,,"['0:test failures', 'simple_result_before:COMPILATION ERROR', '1:COMPILATION ERROR', '2:test failures', '3:COMPILATION ERROR', '4:COMPILATION ERROR', '5:COMPILATION ERROR', 'summary:test_failures']"
https://github.com/FasterXML/jackson-dataformats-binary,0eeb08cfd07a9d23bc22090e17a67da57baf436e,cbor,com.fasterxml.jackson.dataformat.cbor.seq.SequenceWriterTest.testSimpleSeqWrite,ID,Accepted,https://github.com/FasterXML/jackson-dataformats-binary/pull/304,,/home/azureuser/flaky/projects/0eeb08cfd07a9d23bc22090e17a67da57baf436e/jackson-dataformats-binary/cbor/src/test/java/com/fasterxml/jackson/dataformat/cbor/seq/SequenceWriterTest.java,True,/home/azureuser/flaky/IDx2/3868ce94e11fe3e438ac0a2d14100161d0a716fa/goodPatches/jackson-dataformats-binary/0eeb08cfd07a9d23bc22090e17a67da57baf436e/cbor/com.fasterxml.jackson.dataformat.cbor.seq.SequenceWriterTest.testSimpleSeqWrite/1.patch,"['0:test failures', 'simple_result_before:test pass', '1:test pass', 'summary:good fix']"
https://github.com/fluent/fluent-logger-java,da14ec349bf0904da9865940b57b87563616ee04,.,org.fluentd.logger.sender.TestRawSocketSender.testReconnectAfterBufferFull,ID,Opened,https://github.com/fluent/fluent-logger-java/pull/92,,/home/azureuser/flaky/projects/da14ec349bf0904da9865940b57b87563616ee04/fluent-logger-java/src/test/java/org/fluentd/logger/sender/TestRawSocketSender.java,True,/home/azureuser/flaky/IDx2/3868ce94e11fe3e438ac0a2d14100161d0a716fa/goodPatches/fluent-logger-java/da14ec349bf0904da9865940b57b87563616ee04/./org.fluentd.logger.sender.TestRawSocketSender.testReconnectAfterBufferFull/1.patch,"['0:test failures', 'simple_result_before:test pass', '1:test pass', 'summary:good fix']"
https://github.com/alibaba/metrics,2dbfbd0b2e9ba5d652f1f2e86d655cff8ea1ec66,prometheus,com.alibaba.metrics.prometheus.TestAlibabaMetricsExports.testExportFastCompass,ID,Accepted,https://github.com/alibaba/metrics/pull/74,,/home/azureuser/flaky/projects/2dbfbd0b2e9ba5d652f1f2e86d655cff8ea1ec66/metrics/metrics-prometheus/src/test/java/com/alibaba/metrics/prometheus/TestAlibabaMetricsExports.java,,,"['0:BUILD FAILURE', 'original test not compilable, or build failure, or incorrect test name']"
https://github.com/apolloconfig/apollo,75ae5cc8ca41c5f177cd9c8e044a9425ba40ad39,apollo-biz,com.ctrip.framework.apollo.biz.entity.JpaMapFieldJsonConverterTest.convertToDatabaseColumn_twoElement,ID,Accepted,https://github.com/apolloconfig/apollo/pull/4618,,/home/azureuser/flaky/projects/75ae5cc8ca41c5f177cd9c8e044a9425ba40ad39/apollo/apollo-biz/src/test/java/com/ctrip/framework/apollo/biz/entity/JpaMapFieldJsonConverterTest.java,True,/home/azureuser/flaky/IDx2/3868ce94e11fe3e438ac0a2d14100161d0a716fa/goodPatches/apollo/75ae5cc8ca41c5f177cd9c8e044a9425ba40ad39/apollo-biz/com.ctrip.framework.apollo.biz.entity.JpaMapFieldJsonConverterTest.convertToDatabaseColumn_twoElement/1.patch,"['0:test failures', 'simple_result_before:test pass', '1:test pass', 'summary:good fix']"
https://github.com/julianhyde/linq4j,6cac5e4fedb90cd98198f365665fcb9342f49c21,.,net.hydromatic.linq4j.test.ExpressionTest.testConstantExpression,ID,Rejected,https://github.com/julianhyde/linq4j/pull/31,,/home/azureuser/flaky/projects/6cac5e4fedb90cd98198f365665fcb9342f49c21/linq4j/src/test/java/net/hydromatic/linq4j/test/ExpressionTest.java,True,,"['0:test failures', 'simple_result_before:COMPILATION ERROR', '1:COMPILATION ERROR', '2:COMPILATION ERROR', '3:COMPILATION ERROR', '4:COMPILATION ERROR', '5:COMPILATION ERROR', 'summary:compilation_error']"
https://github.com/FasterXML/jackson-modules-base,d33ad8cb6801372ae69c6b65bd87f1aa33001016,afterburner,com.fasterxml.jackson.module.afterburner.deser.jdk.JDKScalarsDeserTest.testNullForPrimitivesNotAllowedMisc,ID,Accepted,https://github.com/FasterXML/jackson-modules-base/pull/156,,/home/azureuser/flaky/projects/d33ad8cb6801372ae69c6b65bd87f1aa33001016/jackson-modules-base/afterburner/src/test/java/com/fasterxml/jackson/module/afterburner/deser/jdk/JDKScalarsDeserTest.java,True,,"['0:test failures', 'simple_result_before:COMPILATION ERROR', '1:COMPILATION ERROR', '2:COMPILATION ERROR', '3:COMPILATION ERROR', '4:COMPILATION ERROR', '5:COMPILATION ERROR', 'summary:compilation_error']"
https://github.com/fromage/redpipe,0aff891d6befdf0dcc2bdbfda22262cdf82ac66f,redpipe-templating-freemarker,net.redpipe.templating.freemarker.ApiTest.checkTemplateNegociationDefault,ID,Opened,https://github.com/fromage/redpipe/pull/56,,/home/azureuser/flaky/projects/0aff891d6befdf0dcc2bdbfda22262cdf82ac66f/redpipe/redpipe-templating-freemarker/src/test/java/net/redpipe/templating/freemarker/ApiTest.java,,,[IndexError('list index out of range')]
https://github.com/spring-projects/spring-ws,e8d89c9eb0929dda304174729c9c69fb29f448eb,spring-ws-core,org.springframework.ws.wsdl.wsdl11.DefaultWsdl11DefinitionTest.testImport,ID,InspiredAFix,https://github.com/spring-projects/spring-ws/pull/122,https://github.com/TestingResearchIllinois/flaky-test-dataset/issues/26,/home/azureuser/flaky/projects/e8d89c9eb0929dda304174729c9c69fb29f448eb/spring-ws/spring-ws-core/src/test/java/org/springframework/ws/wsdl/wsdl11/DefaultWsdl11DefinitionTest.java,True,,"['0:test failures', 'simple_result_before:COMPILATION ERROR', '1:COMPILATION ERROR', '2:test failures', '3:test failures', '4:test failures', '5:test failures', 'summary:test_failures']"
https://github.com/vmware/admiral,24c9ac00953b144de0a4de13847561f9bf58e648,request,com.vmware.admiral.request.allocation.filter.BinpackAffinityHostFilterTest.testFilterBasedOnMaxLoadedHost,ID,RepoArchived,,,/home/azureuser/flaky/projects/24c9ac00953b144de0a4de13847561f9bf58e648/admiral/request/src/test/java/com/vmware/admiral/request/allocation/filter/BinpackAffinityHostFilterTest.java,,,"['0:test pass', 'original test not flaky']"
https://github.com/stleary/JSON-java,bc623e36d6af01b43729c94d8381642a94f95a84,.,org.json.junit.JSONPointerTest.queryByEmptyKeySubObject,ID,Accepted,https://github.com/stleary/JSON-java/pull/696,,/home/azureuser/flaky/projects/bc623e36d6af01b43729c94d8381642a94f95a84/JSON-java/src/test/java/org/json/junit/JSONPointerTest.java,True,/home/azureuser/flaky/IDx2/3868ce94e11fe3e438ac0a2d14100161d0a716fa/goodPatches/JSON-java/bc623e36d6af01b43729c94d8381642a94f95a84/./org.json.junit.JSONPointerTest.queryByEmptyKeySubObject/1.patch,"['0:test failures', 'simple_result_before:test pass', '1:test pass', 'summary:good fix']"
https://github.com/Apache/Struts,3a7c35a014f8a3471a1b75e7546e01ecf21d5db3,core,com.opensymphony.xwork2.validator.AnnotationActionValidatorManagerTest.testGetValidatorsForInterface,ID,Rejected,https://github.com/apache/struts/pull/458,,/home/azureuser/flaky/projects/3a7c35a014f8a3471a1b75e7546e01ecf21d5db3/Struts/core/src/test/java/com/opensymphony/xwork2/validator/AnnotationActionValidatorManagerTest.java,True,/home/azureuser/flaky/IDx2/3868ce94e11fe3e438ac0a2d14100161d0a716fa/goodPatches/Struts/3a7c35a014f8a3471a1b75e7546e01ecf21d5db3/core/com.opensymphony.xwork2.validator.AnnotationActionValidatorManagerTest.testGetValidatorsForInterface/3.patch,"['0:test failures', 'simple_result_before:test failures', '1:test failures', '2:COMPILATION ERROR', '3:test pass', 'summary:good fix']"
https://github.com/square/retrofit,8c93b59dbc57841959f5237cb141ce0b3c18b778,retrofit-converters/jaxb,retrofit2.converter.jaxb.JaxbConverterFactoryTest.userSuppliedJaxbContext,ID,Rejected,https://github.com/square/retrofit/pull/3295,,/home/azureuser/flaky/projects/8c93b59dbc57841959f5237cb141ce0b3c18b778/retrofit/retrofit-converters/jaxb/src/test/java/retrofit2/converter/jaxb/JaxbConverterFactoryTest.java,True,,"['0:test failures', 'simple_result_before:BUILD FAILURE', '1:BUILD FAILURE', '2:test failures', '3:BUILD FAILURE', '4:BUILD FAILURE', '5:BUILD FAILURE', 'summary:test_failures']"
https://github.com/apache/cloudstack,64262d943f012c40deac3cd87c67d44fdc727b52,plugins/network-elements/opendaylight,org.apache.cloudstack.network.opendaylight.api.test.NeutronNetworkAdapterTest.gsonNeutronNetworkMarshalingTest,ID,Accepted,https://github.com/apache/cloudstack/pull/6905,,/home/azureuser/flaky/projects/64262d943f012c40deac3cd87c67d44fdc727b52/cloudstack/plugins/network-elements/opendaylight/src/test/java/org/apache/cloudstack/network/opendaylight/api/test/NeutronNetworkAdapterTest.java,,,"['0:COMPILATION ERROR', 'original test not compilable, or build failure, or incorrect test name']"
https://github.com/apache/cloudstack,64262d943f012c40deac3cd87c67d44fdc727b52,utils,org.apache.cloudstack.utils.mailing.SMTPMailSenderTest.setMailRecipientsTest,ID,Accepted,https://github.com/apache/cloudstack/pull/6905,,/home/azureuser/flaky/projects/64262d943f012c40deac3cd87c67d44fdc727b52/cloudstack/utils/src/test/java/org/apache/cloudstack/utils/mailing/SMTPMailSenderTest.java,,,"['0:COMPILATION ERROR', 'original test not compilable, or build failure, or incorrect test name']"
https://github.com/spring-projects/spring-data-r2dbc,c1a2be67be5da684f13a9367e00029ce09c98f42,.,org.springframework.data.r2dbc.core.R2dbcEntityTemplateUnitTests.insertShouldInvokeCallback,ID,MovedOrRenamed,,https://github.com/TestingResearchIllinois/idoft/issues/565,/home/azureuser/flaky/projects/c1a2be67be5da684f13a9367e00029ce09c98f42/spring-data-r2dbc/src/test/java/org/springframework/data/r2dbc/core/R2dbcEntityTemplateUnitTests.java,,,"['0:BUILD FAILURE', 'original test not compilable, or build failure, or incorrect test name']"
https://github.com/wso2/carbon-apimgt,a82213e40e7e6aa529341fdd1d1c3de776949e64,components/apimgt/org.wso2.carbon.apimgt.rest.api.authenticator,org.wso2.carbon.apimgt.rest.api.authenticator.AuthenticatorServiceTestCase.testGetAuthenticationConfigurations,ID,Skipped,,https://github.com/TestingResearchIllinois/flaky-test-dataset/issues/1,/home/azureuser/flaky/projects/a82213e40e7e6aa529341fdd1d1c3de776949e64/carbon-apimgt/components/apimgt/org.wso2.carbon.apimgt.rest.api.authenticator/src/test/java/org/wso2/carbon/apimgt/rest/api/authenticator/AuthenticatorServiceTestCase.java,,,"['0:BUILD FAILURE', 'original test not compilable, or build failure, or incorrect test name']"
https://github.com/karatelabs/karate,16452ef4d17ed76b079c6f1eba07a4749fa08d02,karate-core,com.intuit.karate.core.FeatureResultTest.testJsonConversion,ID,DeveloperWontFix,,,/home/azureuser/flaky/projects/16452ef4d17ed76b079c6f1eba07a4749fa08d02/karate/karate-core/src/test/java/com/intuit/karate/core/FeatureResultTest.java,True,,"['0:test failures', 'simple_result_before:COMPILATION ERROR', '1:COMPILATION ERROR', '2:test failures', '3:test failures', '4:test failures', '5:test failures', 'summary:test_failures']"
https://github.com/intuit/karate,09bc49eb6fcfc029a09dbdb385137ff71985c89b,karate-core,com.intuit.karate.JsonUtilsTest.testPojoConversion,ID,MovedOrRenamed,,https://github.com/karatelabs/karate,/home/azureuser/flaky/projects/09bc49eb6fcfc029a09dbdb385137ff71985c89b/karate/karate-core/src/test/java/com/intuit/karate/JsonUtilsTest.java,,,"['0:test failures', APIError(message='Bad gateway. {""error"":{""code"":502,""message"":""Bad gateway."",""param"":null,""type"":""cf_bad_gateway""}} 502 {\'error\': {\'code\': 502, \'message\': \'Bad gateway.\', \'param\': None, \'type\': \'cf_bad_gateway\'}} {\'Date\': \'Tue, 19 Sep 2023 04:39:46 GMT\', \'Content-Type\': \'application/json\', \'Content-Length\': \'84\', \'Connection\': \'keep-alive\', \'X-Frame-Options\': \'SAMEORIGIN\', \'Referrer-Policy\': \'same-origin\', \'Cache-Control\': \'private, max-age=0, no-store, no-cache, must-revalidate, post-check=0, pre-check=0\', \'Expires\': \'Thu, 01 Jan 1970 00:00:01 GMT\', \'Server\': \'cloudflare\', \'CF-RAY\': \'808f1fb638c06fef-IAD\', \'alt-svc\': \'h3="":443""; ma=86400\'}', http_status=502, request_id=None)]"
https://github.com/apache/opennlp,8209cd308ee6ff7e61ec0346f1799a32541ed80f,opennlp-tools,opennlp.tools.languagemodel.NgramLanguageModelTest.testBigram,ID,Accepted,https://github.com/apache/opennlp/pull/387,,/home/azureuser/flaky/projects/8209cd308ee6ff7e61ec0346f1799a32541ed80f/opennlp/opennlp-distr/target/filtered-md/opennlp-tools/src/test/java/opennlp/tools/languagemodel/NgramLanguageModelTest.java,,,"['0:BUILD FAILURE', 'original test not compilable, or build failure, or incorrect test name']"
https://github.com/apache/opennlp,8209cd308ee6ff7e61ec0346f1799a32541ed80f,opennlp-tools,opennlp.tools.languagemodel.NgramLanguageModelTest.testBigram,ID,Accepted,https://github.com/apache/opennlp/pull/387,,/home/azureuser/flaky/projects/8209cd308ee6ff7e61ec0346f1799a32541ed80f/opennlp/opennlp-tools/src/test/java/opennlp/tools/languagemodel/NgramLanguageModelTest.java,,,"['0:BUILD FAILURE', 'original test not compilable, or build failure, or incorrect test name']"
https://github.com/ripe-ncc/whois,79e90f41d7eeee42f2c3ad299bfccc4e8005ce8c,whois-api,net.ripe.db.whois.api.rdap.RdapObjectMapperTest.domain,ID,Opened,https://github.com/RIPE-NCC/whois/pull/686,,/home/azureuser/flaky/projects/79e90f41d7eeee42f2c3ad299bfccc4e8005ce8c/whois/whois-api/src/test/java/net/ripe/db/whois/api/rdap/RdapObjectMapperTest.java,True,/home/azureuser/flaky/IDx2/3868ce94e11fe3e438ac0a2d14100161d0a716fa/goodPatches/whois/79e90f41d7eeee42f2c3ad299bfccc4e8005ce8c/whois-api/net.ripe.db.whois.api.rdap.RdapObjectMapperTest.domain/1.patch,"['0:test failures', 'simple_result_before:test pass', '1:test pass', 'summary:good fix']"
https://github.com/Apache/Struts,13d9053050c9e4fb2ef049db6a37d3f6eebf48fa,plugins/json,org.apache.struts2.json.JSONValidationInterceptorTest.testValidationFails,ID,Rejected,https://github.com/apache/struts/pull/457,,/home/azureuser/flaky/projects/13d9053050c9e4fb2ef049db6a37d3f6eebf48fa/Struts/plugins/json/src/test/java/org/apache/struts2/json/JSONValidationInterceptorTest.java,True,/home/azureuser/flaky/IDx2/3868ce94e11fe3e438ac0a2d14100161d0a716fa/goodPatches/Struts/13d9053050c9e4fb2ef049db6a37d3f6eebf48fa/plugins/json/org.apache.struts2.json.JSONValidationInterceptorTest.testValidationFails/2.patch,"['0:test failures', 'simple_result_before:COMPILATION ERROR', '1:COMPILATION ERROR', '2:test pass', 'summary:good fix']"
https://github.com/biojava/biojava,245742d522d12440ece32f5c2d665ff81c465e98,biojava-structure,org.biojava.nbio.structure.io.TestMMCIFWriting.test1A2C,ID,Rejected,https://github.com/biojava/biojava/pull/905,,/home/azureuser/flaky/projects/245742d522d12440ece32f5c2d665ff81c465e98/biojava/biojava-structure/src/test/java/org/biojava/nbio/structure/io/TestMMCIFWriting.java,True,/home/azureuser/flaky/IDx2/3868ce94e11fe3e438ac0a2d14100161d0a716fa/goodPatches/biojava/245742d522d12440ece32f5c2d665ff81c465e98/biojava-structure/org.biojava.nbio.structure.io.TestMMCIFWriting.test1A2C/1.patch,"['0:test failures', 'simple_result_before:test pass', '1:test pass', 'summary:good fix']"
https://github.com/apache/shenyu,22546ae0e6a4047ee08bf4a41f9114f47ba57e19,shenyu-admin,org.apache.shenyu.admin.service.register.ShenyuClientRegisterDivideServiceImplTest.testBuildHandle,ID,Accepted,https://github.com/apache/shenyu/pull/4040,,/home/azureuser/flaky/projects/22546ae0e6a4047ee08bf4a41f9114f47ba57e19/shenyu/shenyu-admin/src/test/java/org/apache/shenyu/admin/service/register/ShenyuClientRegisterDivideServiceImplTest.java,True,/home/azureuser/flaky/IDx2/3868ce94e11fe3e438ac0a2d14100161d0a716fa/goodPatches/shenyu/22546ae0e6a4047ee08bf4a41f9114f47ba57e19/shenyu-admin/org.apache.shenyu.admin.service.register.ShenyuClientRegisterDivideServiceImplTest.testBuildHandle/1.patch,"['0:test failures', 'simple_result_before:test pass', '1:test pass', 'summary:good fix']"
https://github.com/HubSpot/Rosetta,bc3713d9bf9c00130ce08cf4a2c9bcddabcb2f80,RosettaCore,com.hubspot.rosetta.annotations.StoredAsJsonTest.itHandlesAnnotatedGenericFieldSerialization,ID,InspiredAFix,https://github.com/HubSpot/Rosetta/pull/86,https://github.com/HubSpot/Rosetta/pull/96,/home/azureuser/flaky/projects/bc3713d9bf9c00130ce08cf4a2c9bcddabcb2f80/Rosetta/RosettaCore/src/test/java/com/hubspot/rosetta/annotations/StoredAsJsonTest.java,True,/home/azureuser/flaky/IDx2/3868ce94e11fe3e438ac0a2d14100161d0a716fa/goodPatches/Rosetta/bc3713d9bf9c00130ce08cf4a2c9bcddabcb2f80/RosettaCore/com.hubspot.rosetta.annotations.StoredAsJsonTest.itHandlesAnnotatedGenericFieldSerialization/4.patch,"['0:test failures', 'simple_result_before:test failures', '1:test failures', '2:test failures', '3:COMPILATION ERROR', '4:test pass', 'summary:good fix']"
https://github.com/sonatype-nexus-community/nexus-repository-helm,60a9e8de0d97bfa4e3f7ee6bb87d518e398f03f2,.,org.sonatype.repository.helm.internal.util.YamlParserTest.testWriteIndexYaml,ID,RepoArchived,,,/home/azureuser/flaky/projects/60a9e8de0d97bfa4e3f7ee6bb87d518e398f03f2/nexus-repository-helm/src/test/java/org/sonatype/repository/helm/internal/util/YamlParserTest.java,True,,"['0:test failures', 'simple_result_before:COMPILATION ERROR', '1:COMPILATION ERROR', '2:COMPILATION ERROR', '3:COMPILATION ERROR', '4:COMPILATION ERROR', '5:COMPILATION ERROR', 'summary:compilation_error']"
https://github.com/twitter/GraphJet,dbb652a99b6213ddb5892ae6e3396ef10fa0279b,graphjet-core,com.twitter.graphjet.algorithms.salsa.SalsaTest.testSalsaWithRandomGraph,ID,Opened,https://github.com/twitter/GraphJet/pull/138,,/home/azureuser/flaky/projects/dbb652a99b6213ddb5892ae6e3396ef10fa0279b/GraphJet/graphjet-core/src/test/java/com/twitter/graphjet/algorithms/salsa/SalsaTest.java,True,,"['0:test failures', 'simple_result_before:COMPILATION ERROR', '1:COMPILATION ERROR', '2:COMPILATION ERROR', '3:COMPILATION ERROR', '4:COMPILATION ERROR', '5:COMPILATION ERROR', 'summary:compilation_error']"
https://github.com/apache/bookkeeper,1c756ebc35d06b6d1f001ec17a4810398c7e3975,bookkeeper-slogger/api,org.apache.bookkeeper.slogger.SloggerTest.testMap,ID,Accepted,https://github.com/apache/bookkeeper/pull/3702,,/home/azureuser/flaky/projects/1c756ebc35d06b6d1f001ec17a4810398c7e3975/bookkeeper/bookkeeper-slogger/api/src/test/java/org/apache/bookkeeper/slogger/SloggerTest.java,,,"['0:test pass', 'original test not flaky']"
https://github.com/hellokaton/30-seconds-of-java8,1af5d4dee567f00e662cb9b74abc16067312e338,.,snippets.SnippetsTests.group_elements_by_length,ID,Opened,https://github.com/hellokaton/30-seconds-of-java8/pull/5,,/home/azureuser/flaky/projects/1af5d4dee567f00e662cb9b74abc16067312e338/30-seconds-of-java8/src/test/java/snippets/SnippetsTests.java,True,/home/azureuser/flaky/IDx2/3868ce94e11fe3e438ac0a2d14100161d0a716fa/goodPatches/30-seconds-of-java8/1af5d4dee567f00e662cb9b74abc16067312e338/./snippets.SnippetsTests.group_elements_by_length/1.patch,"['0:test failures', 'simple_result_before:test pass', '1:test pass', 'summary:good fix']"
https://github.com/FasterXML/jackson-annotations,381d6abcefd0e5fd19529f244173313b7f91954f,.,com.fasterxml.jackson.annotation.JsonIncludePropertiesTest.testFromAnnotation,ID,Accepted,https://github.com/FasterXML/jackson-annotations/pull/194,,/home/azureuser/flaky/projects/381d6abcefd0e5fd19529f244173313b7f91954f/jackson-annotations/src/test/java/com/fasterxml/jackson/annotation/JsonIncludePropertiesTest.java,True,,"['0:test failures', 'simple_result_before:COMPILATION ERROR', '1:COMPILATION ERROR', '2:test failures', '3:test failures', '4:test failures', '5:test failures', 'summary:test_failures']"
https://github.com/oracle/weblogic-monitoring-exporter,173e1855fb0be4de3849d5fcd431de5c1b741b15,wls-exporter-core,com.oracle.wls.exporter.domain.ExporterConfigTest.whenYamlContainsMergeableQueries_MergeThem,ID,Accepted,https://github.com/oracle/weblogic-monitoring-exporter/pull/173,,/home/azureuser/flaky/projects/173e1855fb0be4de3849d5fcd431de5c1b741b15/weblogic-monitoring-exporter/wls-exporter-core/src/test/java/com/oracle/wls/exporter/domain/ExporterConfigTest.java,True,/home/azureuser/flaky/IDx2/3868ce94e11fe3e438ac0a2d14100161d0a716fa/goodPatches/weblogic-monitoring-exporter/173e1855fb0be4de3849d5fcd431de5c1b741b15/wls-exporter-core/com.oracle.wls.exporter.domain.ExporterConfigTest.whenYamlContainsMergeableQueries_MergeThem/1.patch,"['0:test failures', 'simple_result_before:test pass', '1:test pass', 'summary:good fix']"
https://github.com/wildfly/wildfly,b19048b72669fc0e96665b1b125dc1fda21f5993,undertow,org.wildfly.extension.undertow.UndertowSubsystem30TestCase.testRuntime,ID,Accepted,https://github.com/wildfly/wildfly/pull/13728,,/home/azureuser/flaky/projects/b19048b72669fc0e96665b1b125dc1fda21f5993/wildfly/undertow/src/test/java/org/wildfly/extension/undertow/UndertowSubsystem30TestCase.java,,,"['0:BUILD FAILURE', 'original test not compilable, or build failure, or incorrect test name']"
https://github.com/karatelabs/karate,09bc49eb6fcfc029a09dbdb385137ff71985c89b,karate-core,com.intuit.karate.JsonUtilsTest.testPojoConversion,ID,Accepted,https://github.com/karatelabs/karate/pull/1829,,/home/azureuser/flaky/projects/09bc49eb6fcfc029a09dbdb385137ff71985c89b/karate/karate-core/src/test/java/com/intuit/karate/JsonUtilsTest.java,True,,"['0:test failures', 'simple_result_before:COMPILATION ERROR', '1:COMPILATION ERROR', '2:COMPILATION ERROR', '3:COMPILATION ERROR', '4:COMPILATION ERROR', '5:test failures', 'summary:test_failures']"
https://github.com/stanfordnlp/CoreNLP,08f6dca23e5296d6affdc40895bf294d9b3144f6,.,edu.stanford.nlp.graph.DirectedMultiGraphTest.testConnectedComponents,ID,Accepted,https://github.com/stanfordnlp/CoreNLP/pull/1215,,/home/azureuser/flaky/projects/08f6dca23e5296d6affdc40895bf294d9b3144f6/CoreNLP/test/src/edu/stanford/nlp/graph/DirectedMultiGraphTest.java,True,/home/azureuser/flaky/IDx2/3868ce94e11fe3e438ac0a2d14100161d0a716fa/goodPatches/CoreNLP/08f6dca23e5296d6affdc40895bf294d9b3144f6/./edu.stanford.nlp.graph.DirectedMultiGraphTest.testConnectedComponents/2.patch,"['0:test failures', 'simple_result_before:test failures', '1:test failures', '2:test pass', 'summary:good fix']"
https://github.com/intuit/wasabi,eaac73406a80ca75fb9423bdf3faada67f955083,modules/experiment-objects,com.intuit.wasabi.experimentobjects.ExperimentBatchTest.testToString,ID,Opened,https://github.com/intuit/wasabi/pull/422,,/home/azureuser/flaky/projects/eaac73406a80ca75fb9423bdf3faada67f955083/wasabi/modules/experiment-objects/src/test/java/com/intuit/wasabi/experimentobjects/ExperimentBatchTest.java,True,,"['0:test failures', 'simple_result_before:COMPILATION ERROR', '1:COMPILATION ERROR', '2:COMPILATION ERROR', '3:COMPILATION ERROR', '4:COMPILATION ERROR', '5:COMPILATION ERROR', 'summary:compilation_error']"
https://github.com/FasterXML/jackson-datatypes-collections,8b88868ac3012783fb7f1bda00309c823172e02a,guava,com.fasterxml.jackson.datatype.guava.FluentIterableTest.testSerialization,ID,InspiredAFix,https://github.com/FasterXML/jackson-datatypes-collections/pull/91,https://github.com/TestingResearchIllinois/idoft/issues/48,/home/azureuser/flaky/projects/8b88868ac3012783fb7f1bda00309c823172e02a/jackson-datatypes-collections/guava/src/test/java/com/fasterxml/jackson/datatype/guava/FluentIterableTest.java,,,"['0:COMPILATION ERROR', 'original test not compilable, or build failure, or incorrect test name']"
https://github.com/nutzam/nutz,97745dd754eb9aee59aa806d90be53aac051a3e5,.,org.nutz.json.JsonTest.testDuplicateArrayList,ID,Accepted,https://github.com/nutzam/nutz/pull/1541,,/home/azureuser/flaky/projects/97745dd754eb9aee59aa806d90be53aac051a3e5/nutz/test/org/nutz/json/JsonTest.java,True,,"['0:test failures', 'simple_result_before:COMPILATION ERROR', '1:COMPILATION ERROR', '2:COMPILATION ERROR', '3:COMPILATION ERROR', '4:COMPILATION ERROR', '5:COMPILATION ERROR', 'summary:compilation_error']"
https://github.com/HubSpot/jinjava,b428343af85e613805674cd44dad416dfddde09c,.,com.hubspot.jinjava.lib.filter.ListFilterTest.itConvertsSetsToLists,ID,Accepted,https://github.com/HubSpot/jinjava/pull/827,,/home/azureuser/flaky/projects/b428343af85e613805674cd44dad416dfddde09c/jinjava/src/test/java/com/hubspot/jinjava/lib/filter/ListFilterTest.java,True,/home/azureuser/flaky/IDx2/3868ce94e11fe3e438ac0a2d14100161d0a716fa/goodPatches/jinjava/b428343af85e613805674cd44dad416dfddde09c/./com.hubspot.jinjava.lib.filter.ListFilterTest.itConvertsSetsToLists/1.patch,"['0:test failures', 'simple_result_before:test pass', '1:test pass', 'summary:good fix']"
https://github.com/alibaba/nacos,a0543adafcfed733c0659454e58b3bcd605008a4,common,com.alibaba.nacos.common.http.param.QueryTest.testToQueryUrl,ID,Opened,https://github.com/alibaba/nacos/pull/7296,,/home/azureuser/flaky/projects/a0543adafcfed733c0659454e58b3bcd605008a4/nacos/common/src/test/java/com/alibaba/nacos/common/http/param/QueryTest.java,True,/home/azureuser/flaky/IDx2/3868ce94e11fe3e438ac0a2d14100161d0a716fa/goodPatches/nacos/a0543adafcfed733c0659454e58b3bcd605008a4/common/com.alibaba.nacos.common.http.param.QueryTest.testToQueryUrl/2.patch,"['0:test failures', 'simple_result_before:test failures', '1:test failures', '2:test pass', 'summary:good fix']"
https://github.com/FasterXML/jackson-databind,23e2af98684a0350de74d3009c2cb0a313a1c6d0,.,com.fasterxml.jackson.databind.convert.TestBeanConversions.testConversionIssue288,ID,Accepted,https://github.com/FasterXML/jackson-databind/pull/2884,,/home/azureuser/flaky/projects/23e2af98684a0350de74d3009c2cb0a313a1c6d0/jackson-databind/src/test/java/com/fasterxml/jackson/databind/convert/TestBeanConversions.java,,,"['0:test pass', 'original test not flaky']"
https://github.com/intel/jndn-utils,b4f2fb28e48d8a4bc18410ec6c932c0c229f8884,.,com.intel.jndn.utils.client.impl.DefaultSegmentedClientTest.testGetSegmentsAsync,ID,Accepted,https://github.com/intel/jndn-utils/pull/8,,/home/azureuser/flaky/projects/b4f2fb28e48d8a4bc18410ec6c932c0c229f8884/jndn-utils/src/test/java/com/intel/jndn/utils/client/impl/DefaultSegmentedClientTest.java,True,/home/azureuser/flaky/IDx2/3868ce94e11fe3e438ac0a2d14100161d0a716fa/goodPatches/jndn-utils/b4f2fb28e48d8a4bc18410ec6c932c0c229f8884/./com.intel.jndn.utils.client.impl.DefaultSegmentedClientTest.testGetSegmentsAsync/5.patch,"['0:test failures', 'simple_result_before:test failures', '1:test failures', '2:COMPILATION ERROR', '3:COMPILATION ERROR', '4:test failures', '5:test pass', 'summary:good fix']"
https://github.com/apache/atlas,c0700e436afccc04e7f77480d6fb8aed8e293db4,graphdb/janus,org.apache.atlas.repository.graphdb.janus.AtlasJanusGraphIndexClientTest.testGenerateSearchWeightString,ID,Opened,https://github.com/apache/atlas/pull/149,,/home/azureuser/flaky/projects/c0700e436afccc04e7f77480d6fb8aed8e293db4/atlas/graphdb/janus/src/test/java/org/apache/atlas/repository/graphdb/janus/AtlasJanusGraphIndexClientTest.java,True,/home/azureuser/flaky/IDx2/3868ce94e11fe3e438ac0a2d14100161d0a716fa/goodPatches/atlas/c0700e436afccc04e7f77480d6fb8aed8e293db4/graphdb/janus/org.apache.atlas.repository.graphdb.janus.AtlasJanusGraphIndexClientTest.testGenerateSearchWeightString/2.patch,"['0:test failures', 'simple_result_before:COMPILATION ERROR', '1:COMPILATION ERROR', '2:test pass', 'summary:good fix']"
https://github.com/networknt/light-4j,8099ee299a429c6eab0bd2f49f63a3efac8ec23d,header,com.networknt.header.HeaderHandlerTest.testMarketHeader,ID,Accepted,https://github.com/networknt/light-4j/pull/1469,,/home/azureuser/flaky/projects/8099ee299a429c6eab0bd2f49f63a3efac8ec23d/light-4j/header/src/test/java/com/networknt/header/HeaderHandlerTest.java,,,"['0:BUILD FAILURE', 'original test not compilable, or build failure, or incorrect test name']"
https://github.com/apache/directory-scimple,7f4c38e7b295ba8ba06b3490d9ec9f983570879e,scim-spec/scim-spec-schema,org.apache.directory.scim.spec.resources.PhoneNumberBuilderTest.test_adding_params_for_GlobalPhoneNumberBuilder,ID,InspiredAFix,https://github.com/apache/directory-scimple/pull/201,https://github.com/apache/directory-scimple/pull/200,/home/azureuser/flaky/projects/7f4c38e7b295ba8ba06b3490d9ec9f983570879e/directory-scimple/scim-spec/scim-spec-schema/src/test/java/org/apache/directory/scim/spec/resources/PhoneNumberBuilderTest.java,True,/home/azureuser/flaky/IDx2/3868ce94e11fe3e438ac0a2d14100161d0a716fa/goodPatches/directory-scimple/7f4c38e7b295ba8ba06b3490d9ec9f983570879e/scim-spec/scim-spec-schema/org.apache.directory.scim.spec.resources.PhoneNumberBuilderTest.test_adding_params_for_GlobalPhoneNumberBuilder/1.patch,"['0:test failures', 'simple_result_before:test pass', '1:test pass', 'summary:good fix']"
https://github.com/opengoofy/hippo4j,5e285ba5b47266d7dcede64aefae00fbe0c9c4ae,hippo4j-common,cn.hippo4j.common.toolkit.ContentUtilTest.assertGetPoolContent,ID,Opened,https://github.com/opengoofy/hippo4j/pull/1373,,/home/azureuser/flaky/projects/5e285ba5b47266d7dcede64aefae00fbe0c9c4ae/hippo4j/hippo4j-common/src/test/java/cn/hippo4j/common/toolkit/ContentUtilTest.java,True,/home/azureuser/flaky/IDx2/3868ce94e11fe3e438ac0a2d14100161d0a716fa/goodPatches/hippo4j/5e285ba5b47266d7dcede64aefae00fbe0c9c4ae/hippo4j-common/cn.hippo4j.common.toolkit.ContentUtilTest.assertGetPoolContent/3.patch,"['0:test failures', 'simple_result_before:COMPILATION ERROR', '1:COMPILATION ERROR', '2:COMPILATION ERROR', '3:test pass', 'summary:good fix']"
https://github.com/INRIA/spoon,17330abe8aac89d907ac977e8e22ff35103eccd1,.,spoon.support.visitor.java.JavaReflectionTreeBuilderTest.testPurelyReflectiveInnerClass,ID,Opened,https://github.com/INRIA/spoon/pull/5037,,/home/azureuser/flaky/projects/17330abe8aac89d907ac977e8e22ff35103eccd1/spoon/src/test/java/spoon/support/visitor/java/JavaReflectionTreeBuilderTest.java,,,"['0:BUILD FAILURE', 'original test not compilable, or build failure, or incorrect test name']"
https://github.com/apache/dubbo,737f7a7ea67832d7f17517326fb2491d0a086dd7,dubbo-common,org.apache.dubbo.common.bytecode.WrapperTest.test_getMethodNames_ContainExtendsParentMethods,ID,Rejected,https://github.com/apache/dubbo/pull/6978,,/home/azureuser/flaky/projects/737f7a7ea67832d7f17517326fb2491d0a086dd7/dubbo/dubbo-common/src/test/java/org/apache/dubbo/common/bytecode/WrapperTest.java,True,/home/azureuser/flaky/IDx2/3868ce94e11fe3e438ac0a2d14100161d0a716fa/goodPatches/dubbo/737f7a7ea67832d7f17517326fb2491d0a086dd7/dubbo-common/org.apache.dubbo.common.bytecode.WrapperTest.test_getMethodNames_ContainExtendsParentMethods/1.patch,"['0:test failures', 'simple_result_before:test pass', '1:test pass', 'summary:good fix']"
https://github.com/j256/ormlite-core,f75ab557d902b11a7ae320e713c3a7fd5ba1f117,.,com.j256.ormlite.field.DatabaseFieldConfigTest.testComboIndex,ID,InspiredAFix,https://github.com/j256/ormlite-core/pull/216,,/home/azureuser/flaky/projects/f75ab557d902b11a7ae320e713c3a7fd5ba1f117/ormlite-core/src/test/java/com/j256/ormlite/field/DatabaseFieldConfigTest.java,True,,"['0:test failures', 'simple_result_before:COMPILATION ERROR', '1:COMPILATION ERROR', '2:COMPILATION ERROR', '3:COMPILATION ERROR', '4:COMPILATION ERROR', '5:COMPILATION ERROR', 'summary:compilation_error']"
https://github.com/spring-projects/spring-hateoas,6be1cc607ecde44d469640f187deeeffa1211579,.,org.springframework.hateoas.config.CustomHypermediaWebFluxTest.getUsingCustomMediaType,ID,Opened,https://github.com/spring-projects/spring-hateoas/pull/1726,,/home/azureuser/flaky/projects/6be1cc607ecde44d469640f187deeeffa1211579/spring-hateoas/src/test/java/org/springframework/hateoas/config/CustomHypermediaWebFluxTest.java,True,/home/azureuser/flaky/IDx2/3868ce94e11fe3e438ac0a2d14100161d0a716fa/goodPatches/spring-hateoas/6be1cc607ecde44d469640f187deeeffa1211579/./org.springframework.hateoas.config.CustomHypermediaWebFluxTest.getUsingCustomMediaType/1.patch,"['0:test failures', 'simple_result_before:test pass', '1:test pass', 'summary:good fix']"
https://github.com/schemacrawler/SchemaCrawler,18d6c5fb79c8e27cdeafc317ee63b27837aa6fec,schemacrawler-utility,us.fatehi.utility.test.graph.DirectedGraphTest.toStringTest,ID,DeveloperFixed,,https://github.com/schemacrawler/SchemaCrawler/commit/90da3f145cc52e908651dfd3c6baaca6ba48e502,/home/azureuser/flaky/projects/18d6c5fb79c8e27cdeafc317ee63b27837aa6fec/SchemaCrawler/schemacrawler-utility/src/test/java/us/fatehi/utility/test/graph/DirectedGraphTest.java,True,/home/azureuser/flaky/IDx2/3868ce94e11fe3e438ac0a2d14100161d0a716fa/goodPatches/SchemaCrawler/18d6c5fb79c8e27cdeafc317ee63b27837aa6fec/schemacrawler-utility/us.fatehi.utility.test.graph.DirectedGraphTest.toStringTest/1.patch,"['0:test failures', 'simple_result_before:test pass', '1:test pass', 'summary:good fix']"
https://github.com/alibaba/fastjson,3ea25de368b185e3c9f3d56e46a4cfcdb9265318,.,com.alibaba.json.bvt.bug.Bug_for_yangzhou.test_for_issue,ID,Opened,https://github.com/alibaba/fastjson/pull/3527,,/home/azureuser/flaky/projects/3ea25de368b185e3c9f3d56e46a4cfcdb9265318/fastjson/src/test/java/com/alibaba/json/bvt/bug/Bug_for_yangzhou.java,True,/home/azureuser/flaky/IDx2/3868ce94e11fe3e438ac0a2d14100161d0a716fa/goodPatches/fastjson/3ea25de368b185e3c9f3d56e46a4cfcdb9265318/./com.alibaba.json.bvt.bug.Bug_for_yangzhou.test_for_issue/2.patch,"['0:test failures', 'simple_result_before:test failures', '1:test failures', '2:test pass', 'summary:good fix']"
